thumb_angle,index_angle,middle_angle,ring_angle,pinky_angle,thumb_index_dist,index_middle_dist,middle_ring_dist,palm_angle,label
,,,,,,,,,
,,,,,,,,,
,,,,,,,,,
,,,,,,,,,
,,,,,,,,,
,,,,,,,,,
,,,,,,,,,
,,,,,,,,,
,,,,,,,,,
,,,,,,,,,
,,,,,,,,,
,,,,,,,,,
,,,,,,,,,
,,,,,,,,,
,,,,,,,,,
,,,,,,,,,
,,,,,,,,,
,,,,,,,,,
,,,,,,,,,
,,,,,,,,,
,,,,,,,,,
,,,,,,,,,
,,,,,,,,,
,,,,,,,,,
,,,,,,,,,
,,,,,,,,,
,,,,,,,,,
,,,,,,,,,
,,,,,,,,,
,,,,,,,,,
103.95044483208996,172.06656800955787,175.20752860688197,176.1404881951682,177.1611600856532,0.19286394370366516,0.04004560426708999,0.03662626768301309,60.104742932979214,B
105.95351659505886,172.84198251422316,175.74902312467938,176.29431973296548,177.21646105233688,0.19953153397590606,0.04060872483639069,0.039659030664843206,58.61547407312924,B
103.57703775933953,172.67533199616577,175.578652192742,175.98578412229233,177.0524254949561,0.19784145042726115,0.04143063523192049,0.03959252184521177,59.37568972597893,B
110.09670970064289,172.408799919573,175.3970690397349,175.85865454656067,177.1805170857527,0.19579430222043714,0.04109132556855744,0.036983453920152794,58.631005666919606,B
105.88530571979969,172.38964788350688,175.28793210817037,176.0245778256458,177.28098498275048,0.19638245243608796,0.040608880026377775,0.03702133459702445,58.90977496579138,B
107.6572245078525,172.46886444380164,175.57201173267376,176.10257683277663,177.4894713564662,0.1963133850930961,0.04069924590615607,0.03912989430188507,59.00907761242348,B
107.40183952340053,172.43099580694263,175.41564894235935,175.96980138232416,177.72607165468546,0.1969981909066404,0.04160326615366419,0.03787827401418925,58.334964071138636,B
106.57767379911992,172.2797593620918,175.29939206027584,175.8566603594419,177.47438593689628,0.19983324584545492,0.04049092153411784,0.03836373780055099,58.45496823143248,B
104.5853757144611,172.466262286744,175.58273987906054,176.08869183082615,177.357762827225,0.19745780801415017,0.04114647031159109,0.03838575162709367,58.86146507455114,B
102.33724900506556,172.90964294873444,176.0115635262398,176.13439425302474,176.98422443881842,0.19948687841421334,0.04137942956297245,0.03826408314756391,58.20668543826103,B
110.40153986651127,172.69066261771195,175.72129806232496,176.3032974086534,177.17163610550702,0.19717540744934284,0.04103353129219469,0.0379181556248561,58.141565262032394,B
105.02051252143804,172.7846282279976,175.92922150783764,176.43584250475263,177.2596288133676,0.19935680959435187,0.04067804113712021,0.038628216654788855,57.10283454969066,B
103.77507239775348,172.72550124240982,175.88885729797667,176.45178930240596,177.50899305793814,0.20188980430153639,0.04252992915975055,0.0393424408581106,58.2700598121186,B
105.9802895194648,172.69719313043842,175.963854118786,176.3066332106532,177.440712028087,0.19920528058632225,0.041619874055082315,0.03927054995903065,59.086147182526304,B
107.71076141176634,172.48183635890575,175.62440034467167,176.26995698121908,177.31685826558277,0.20002083484260155,0.040927107227234485,0.03935657048536716,59.17105811474073,B
105.22103202760036,172.68919846879658,175.9526144650636,176.75346316118183,177.711749875304,0.19988691920885263,0.04139756959627165,0.03854306946760629,58.15737845926188,B
110.18334807414406,172.9097934213014,175.8279410194178,176.54448422831754,177.51828893989287,0.2027658551407395,0.040630198702041175,0.04103962070331421,58.6663688344786,B
107.68248571455446,172.86277151021372,175.8700320300014,176.47725714483423,177.4167119945129,0.19964395775370908,0.04179429517234348,0.03827723235489783,58.443133191884314,B
115.21566160149507,172.8198227118399,175.59884080218603,176.5280547817477,177.46641525926682,0.19898497066127382,0.04073353744819232,0.038487399108349994,58.80339394756577,B
108.99780967518896,172.75381518075298,175.61630542342135,176.35847599511175,177.23304944116032,0.19938392351266507,0.04106088116799784,0.03634028289761141,58.75564414293266,B
105.36736010798788,172.49741573616396,175.78700626211,176.61071558220243,177.68077092193442,0.19829529307482893,0.04065990695828624,0.03691414407250584,57.17653443133488,B
103.22504669402709,172.6084277795195,175.93175751580037,176.72076896858465,177.7351397454986,0.19792334271441678,0.041514281815752216,0.03803074988553859,58.322190066440434,B
102.2303871899828,172.9272584555577,176.2146960096961,176.57787215967159,177.39121911745727,0.1989631274880372,0.041408628506207766,0.03663807922596403,57.282676341581215,B
99.90746671238362,172.70496870449543,175.89600053049196,176.39467775256094,177.24389873341943,0.20403621036352995,0.04082102586125046,0.038960623161719526,56.78639212585195,B
104.81905232126418,172.92157922396174,176.09591862304478,176.78468346432584,177.369350014308,0.1992240604302284,0.04155744202173063,0.03742757252806449,58.67143071616576,B
104.34822168732184,172.7280460324529,175.88921210442018,176.74047829900664,177.53715164476972,0.20094905490283455,0.040958435414050254,0.03871553246937963,57.301825112587416,B
100.30187180711134,172.72240386853576,176.0867224625989,176.64929163734692,177.45941761885467,0.2029685070480389,0.04098962571104603,0.03764598951187206,56.88665700824664,B
100.7496242508193,172.80024688321103,176.03266028065497,176.4560429642372,177.38885111994514,0.2041008316748177,0.04119246068280845,0.0378252228212095,57.5973784939256,B
100.047142433226,173.08091725183186,176.09910774573373,176.35013968278182,177.38520406665734,0.20754462990832054,0.04207401388378971,0.03910238608566805,58.047183151843164,B
96.38486079839922,173.50547212315055,176.58062664123491,177.18429477007905,178.26820154872107,0.20965426185201017,0.041332963021305576,0.04133959782470313,57.657431967944255,B
173.30137957728527,146.60499796744386,135.485228052848,136.36526999122782,156.10020166771272,0.18896504511555987,0.040175172438997986,0.030827682894261244,70.91042648551343,C
169.77294011417533,144.781643925896,132.94033960622698,134.18212014571242,156.13832729794623,0.19393429491072894,0.03533863034114782,0.028444215304921697,73.01960149835571,C
167.88341687436457,146.52603895408387,131.94224161708655,133.88233179777498,156.77626568481858,0.19688901130661704,0.03420401118949778,0.027831865922293322,72.47265220301773,C
168.05278630942823,146.2909138709542,133.19321003440564,135.1304986331145,155.77922033638075,0.19404014831542699,0.03977577384172604,0.0322858018249718,71.17248623334864,C
172.25150622901555,145.74625246498056,130.8578067546653,132.37045205147425,155.58233456203124,0.19177693390227982,0.03411718057624252,0.026282204569364642,72.07569469367968,C
168.6862494508991,145.8615467598567,133.24216853373238,134.21226622843753,155.90731359946537,0.19383472439824065,0.030172779008127395,0.02339867230434067,73.9630141427581,C
168.07537727830612,144.90294180111604,132.61444327070467,135.2251546191247,156.39969680379411,0.19323382367116831,0.03342293672181506,0.028735733799897092,73.65958575688671,C
170.10278473510047,144.7750497779895,131.2453353013722,132.62939393805325,153.79469475296779,0.19044700725505032,0.04090972943517663,0.03230674367704845,70.25716877067677,C
167.50126675821366,144.565760817476,133.5849796108709,135.3250515491006,156.8637484362966,0.19211118739614763,0.031824073456937385,0.025808619377449275,74.69387877210659,C
169.80316101541632,144.89224521683465,134.61925036522243,136.2916671477232,155.41251219474356,0.18790971994300446,0.03723351768787052,0.03050116839395752,72.9147265881541,C
169.03923240498676,144.64897582755034,132.07954211171557,133.59001613802877,155.01641741960518,0.1922203557849237,0.02965991250082686,0.023613152095589757,74.45552467496208,C
167.7777705505999,143.303346912549,133.71223536626061,135.10668113453102,155.91966650914654,0.19276504627896263,0.030301003300376387,0.024331594536394646,74.43518024188278,C
170.5323109592764,145.18236509156034,133.30102203011904,135.30943741276715,155.9386891436337,0.18840643535589183,0.029245690087921623,0.025982463760779218,74.99061122927353,C
173.28671642295694,145.3551915192486,133.60603681444536,135.06774180764592,155.12274453841198,0.19026058011434913,0.030872495267269505,0.02535246468450804,72.71077131456963,C
171.7890828277065,145.25417907276307,130.6037868255376,131.9622468282322,153.6116358274713,0.18972095531232835,0.037018162869098446,0.029364948739750308,72.16157454063983,C
170.42709220478073,144.14248858547788,131.36618155792263,133.60688995300848,155.59897010809422,0.18773895633241572,0.03433844412059158,0.029230403938615465,72.92907843111495,C
171.82062115086327,144.17615996233278,132.35078591036537,133.15334182044276,154.67998239096673,0.1897284360403381,0.029800334962050996,0.024162253616968263,74.52681609772087,C
168.00107118221587,144.51329140567393,131.2143984968431,133.207676301525,157.13217577738305,0.1906617605979129,0.03195326042410032,0.025795392270845863,73.36359327901066,C
173.11091125589402,143.0022116063291,130.4897386869143,133.06539022781118,156.53736809936845,0.1877255735845964,0.031683069288042646,0.026614056913758892,72.71795618642078,C
173.4881328642078,145.6479971081981,133.44601295019783,135.5601931640331,156.88234082677744,0.1879899588056209,0.03007287223519089,0.025335338373987357,74.02651560470309,C
174.3449364174887,144.9616783958239,133.55996519250945,135.68423934904746,156.4606531669429,0.18553075398799376,0.034545603607029234,0.027275808835115465,71.8131330271279,C
170.66954647010718,142.20208082614087,129.17034790787218,131.54232137380222,154.10612139990425,0.18201529365762845,0.03826332052917234,0.028466436880152886,70.40201423767559,C
171.30075503124556,142.70486425279097,129.1351984638771,130.72549539180497,153.09840936485804,0.18577583347147786,0.03341159333215692,0.02361540160928772,71.41624813984866,C
169.59093299274747,142.1153160372343,130.42662935446913,132.0583727119055,153.92923109258902,0.18264042094404667,0.03443635930190818,0.026365869128186215,72.74818422391232,C
172.0243109753274,145.7381562045135,133.94176866217924,134.54974634456545,153.99636996183855,0.1827173977033983,0.03678274417757081,0.02748595391086041,71.84025959040525,C
175.20268513623162,144.65820155005161,134.98934190847552,135.61068037116482,155.8798281311176,0.17589200566539454,0.03333446241186012,0.024941477576141468,75.14162852211204,C
174.18333979075433,145.3667670171663,132.62587604182374,133.81867904954908,154.77712781251967,0.1792699337772969,0.033612746415222564,0.02563242762122627,74.3490847184617,C
173.7363147555147,145.5282831339416,133.9153054121689,135.30445589003926,155.6167353544579,0.18094058369156008,0.030285254837263745,0.023215656393485103,74.20164176518483,C
171.1038942173603,145.20888074028213,132.73616207777192,134.57066496757264,153.2047078841842,0.18160861429639957,0.04031175157770047,0.030346636494082143,70.71002909733951,C
172.57940670692454,146.1979104027117,133.72991320176453,134.587071976993,154.50297536533046,0.18432825105841624,0.03073348957732449,0.022774737211991837,74.12958289100652,C
173.01784377838231,178.542596673705,88.72387827024514,90.88465229299203,98.7898717448401,0.2095090916433161,0.19501490477564176,0.021170573337306445,33.95292434581466,D
173.91982954021537,178.58636177198804,88.86637931138863,92.02027274765292,98.96436999886836,0.2114078401302602,0.19817347042193936,0.019042894123024613,32.39297832009498,D
174.43872621001427,178.47499563899464,88.45299860338753,90.94089235708233,100.6923842141811,0.21437803048394466,0.19738699554837516,0.019983452062114746,35.23650254826281,D
174.59088347710025,178.36071097922414,87.81308003542843,89.7383840722817,98.89544572480095,0.2135611654261212,0.19544024527301074,0.020450383916339954,37.92321187526916,D
174.39275171473903,178.65559165084517,86.9048185243289,89.70475656407817,98.92470875598403,0.21215230573477717,0.19583226123942116,0.019715482317754274,36.192513024149484,D
174.83395167940026,178.54213872437273,87.57010268506228,90.99485572420151,101.14742207483889,0.21041377472343953,0.19289927003478424,0.020377405007786974,35.78276628218569,D
174.17511728580973,178.1079034955608,88.38346001226165,91.99641660647531,101.63459089952026,0.21222788496098058,0.19590110848758893,0.019404381161614553,31.552653137793037,D
174.2910605673589,177.82481613178416,88.26872651034847,91.65673003855845,100.81160433100938,0.21020258453049628,0.19658128115118498,0.02025856214643043,35.99601963773169,D
174.59178865014061,178.65289170500392,87.6804260763735,91.09337908251145,100.34063911087097,0.2107640308381549,0.19500958488970685,0.02022878115506775,33.04008241247819,D
174.1894877930248,177.9881859800104,89.50043432416486,91.38735637947423,100.0108762323925,0.21076513365657343,0.19773112310382737,0.02115476233795139,36.29241884631877,D
175.27821527549708,178.52269463692656,87.6937276838289,91.25133274630677,99.53025938230441,0.21009650754750242,0.1956184810132287,0.02101776340639832,36.234476459578204,D
174.4457152369407,177.9566838996437,87.6258156685932,89.76551785346571,97.68828964279764,0.2093360289256458,0.19515872872114925,0.0204466679854604,35.13448431875326,D
175.12810300757337,178.43251590414377,88.02876033191073,90.8019097940403,101.58941372950923,0.21214301020384546,0.19556029673605946,0.022168552556235486,34.99540503131013,D
174.64269883492517,178.4766407012798,88.03379228410486,89.8164446530239,98.79019784410502,0.2102500236134933,0.19511583028191085,0.021485841847231943,33.92239203756426,D
174.90540856160248,178.49413247877933,88.66388909386325,90.76572799404714,99.69805789239366,0.20999287575110565,0.19618417305123698,0.020938219597655995,34.50402721101782,D
175.30598687425717,178.35053099721907,88.77248224501923,91.28947690287725,99.34175687081519,0.2106899328477247,0.19578877672861417,0.02154462431134934,32.017023883333266,D
175.42824122336634,177.7388347856369,89.05982476083642,91.38489411773237,100.07104030242871,0.21110143688568445,0.19587177062682587,0.02103930256277614,36.44093682147734,D
175.40888615804877,178.18145024124252,88.30204069688328,91.53559585540253,100.2345419571266,0.2105392720278604,0.19585539935166224,0.02085840475468192,33.331838236432915,D
175.1133682828808,178.04830224565373,90.44097671621732,92.65382515542512,100.12951018400119,0.2088143005261815,0.19649029084234956,0.02016168502262494,35.082165469949935,D
175.45768645270448,177.848326572729,90.15517363559518,92.9397499372742,101.17570020312571,0.21084260935942223,0.19876574964185575,0.020823829319262337,36.242349830499144,D
175.2607245605465,177.96786666968515,89.20120432410793,92.2340234535589,102.07209811607282,0.20861049540508328,0.19472822994863756,0.020319685618048106,35.396075850211226,D
174.66570290405215,178.57311060804858,88.95773894303275,92.62509385115166,100.46250716934199,0.2083461183336846,0.19448159720607133,0.02174533902681602,31.897041393942285,D
174.53299408909496,178.0939532258973,88.42444678235684,90.95090716345779,97.73457142076565,0.21067794785669292,0.19657797095733762,0.020735448678609592,34.48214228956711,D
173.13974095902958,177.71093990155615,87.79022222626264,90.69428135240587,101.12191267665133,0.21182757374280273,0.19739286496903813,0.021881711599729767,32.85374819303871,D
174.36411914487098,178.08253632010093,89.95594623853465,92.76648104869244,101.10472313283134,0.20961885745032433,0.1937125929527414,0.019312487980173546,33.11304231548585,D
173.75437044678355,177.89526669265567,88.01474530011993,91.33130953040555,98.6262833841044,0.2079031206010149,0.19267042192718078,0.019887252636544367,33.382342390593344,D
174.41796564403714,178.04754436570636,87.20161161861768,90.81196570407833,98.5644995048399,0.20834687794299636,0.19403588427001733,0.0207296233811718,36.977562414304096,D
172.8966412300362,178.24809774423983,89.34346510778869,91.21657728214899,97.71847952264876,0.20779353476791274,0.1912334669724151,0.02034789982254543,33.78814789259298,D
173.32610574083552,178.04336593241368,88.1950168734837,91.68394054558239,99.66408437165764,0.20838978082729967,0.19122311478029305,0.020217208441794324,35.98839585287123,D
174.7018611608079,177.9630635207597,89.5979092517316,93.00641211523386,101.31820280222462,0.20661801145043843,0.19330954809967746,0.019620441709187475,32.76425353662283,D
120.32053195370548,60.10485973068972,34.061063562014,17.769420408765242,21.543977834063135,0.10389343832971384,0.029936446934202894,0.030701079806793066,61.132907507131726,E
108.80450750889653,56.246877595403504,32.354399704653474,17.69312140567739,18.447924358587827,0.1051627119204841,0.031843123323931195,0.029565572863085598,61.19865488876729,E
126.3661945290643,62.538536920062846,35.12292232024081,19.28048485670726,19.89224297428589,0.10270043392463425,0.03051930812962625,0.02878734122500481,61.68211601970698,E
123.14217266683215,62.440452591746,33.612941199787656,17.47149406964948,19.388438999025638,0.10369549390520139,0.029278447518157075,0.028751920052909524,61.70421251885147,E
119.79932977722088,67.07112259509617,34.74743851954327,17.834121618943986,19.70934630639231,0.10742929712760126,0.030489474061238576,0.027837416144995634,61.85797316759959,E
123.88019705301019,57.99813709463977,31.996418298106263,16.27353119652776,19.004596454435674,0.10109264651548183,0.030678418478745893,0.02732862013381412,61.11667095020633,E
125.8196022159139,62.135638994417185,37.73511035613226,19.701125328949228,21.75527872573924,0.10166812704849668,0.03159861763043605,0.029692130764800026,61.31863397635293,E
123.5738892374106,68.78966136605057,38.9000182839912,19.192650911523444,26.742392908645748,0.10503046875349757,0.031688288453092295,0.02817133806110205,60.968703510029,E
126.62414322518221,64.56247350558608,37.052654232006596,19.246971950411535,24.02267160298271,0.10274249049831827,0.031127952320756054,0.028848156225155935,61.9970356444844,E
125.85774172659936,61.630230934060556,35.914929636574726,19.449374516271824,23.450397154534706,0.10169206445676256,0.029805958847401188,0.028742729569246443,61.259103416997455,E
126.27695122426128,67.0415665730918,36.945383029248646,17.286813343046404,19.436656307995015,0.10367294611638346,0.03343439337591419,0.027876517301679376,61.59590687545278,E
128.19317054548125,70.1396014519214,41.73525300352983,20.416527546206147,24.731644366318502,0.1040042298301261,0.03210051529912692,0.029718218769364497,61.949238641871446,E
125.08268875912943,56.94408739566809,37.071786892741905,18.057861772389334,20.126745328774245,0.09790214057985687,0.03343617353687018,0.030381579978581156,61.265373049360164,E
121.13676906869213,64.91342841195569,41.45227270462572,19.03612432262584,21.316788739498836,0.10227396786755204,0.033968425061795995,0.03221990939532045,62.109082206193236,E
126.43824660256838,65.99422677340159,40.37748777576562,21.0872901982458,21.53892385627289,0.10293281967340207,0.032443821355853386,0.030232611871970617,61.83203107562233,E
128.1048530541166,64.45899477344474,35.9765188963277,18.093436320392765,19.296166013256048,0.10155653377830186,0.03039466457300344,0.029391492582338738,61.60382116504282,E
122.29247241622377,66.38252316482725,46.92398629623625,21.19767821409516,24.37214825212035,0.1018050376740947,0.03407591657099059,0.03396339287906429,60.13673180405749,E
127.74626507200415,67.08645573395691,37.05443333667247,19.81542347889374,23.036333751987414,0.10183961080852612,0.02981661833550161,0.028260935092053612,61.632637909883506,E
128.47365311369515,70.3852374246377,36.170532215099605,19.233561461705488,21.46950101975158,0.10443638065969943,0.03015081627950893,0.027960601903330225,61.08097474363432,E
121.37756256000526,66.81439231438331,35.68703264694861,18.340318840531584,19.47306565724319,0.10547190862010865,0.02998882642672621,0.02964790132151084,59.906455344204794,E
127.89385623188808,63.21594742169256,34.21246834832422,17.31703324029911,17.661481477836702,0.0995533588230301,0.029647978260296585,0.029781492709520244,60.70501629170712,E
130.30029458306734,61.069204770101166,34.2144250389657,16.12854903640739,17.256871791155564,0.0956826961877283,0.02827832390110549,0.029926542399253984,62.42664079120495,E
128.4628585017924,61.940310763007126,34.21458054834481,18.145892789278744,17.1231468431308,0.0967850848972748,0.02852464104969295,0.03049432787045451,61.695137115307844,E
125.64957183018561,57.775565649451764,35.42612424996082,19.53311898535677,20.359578068717795,0.09399724566380341,0.028162865308394496,0.031197399800275718,61.60938176072378,E
120.78942581732939,63.69682824200016,39.781779544497105,18.933417773682322,21.852419297834352,0.09922724289430022,0.029537760875479005,0.03612972510145549,62.40692964424154,E
126.39417853856799,59.32878626158594,33.14793873920181,16.50752453004163,18.56042858300162,0.09662106961122512,0.025914042733456915,0.03314745209333276,62.33301925800795,E
121.70333800520443,55.70309753468994,30.24167216773686,12.42892920603402,14.876353104195184,0.09294743650389303,0.027848439252240592,0.031990014278537884,62.47927177740996,E
125.56438691983149,55.991445276428095,31.271995369917562,14.397940559665475,15.783176356653318,0.09241435194149408,0.02742083290658016,0.03115651297153384,62.18123972925638,E
119.41869028665523,65.32638066009066,35.15917481108627,15.740215183815245,16.740377125952172,0.09572108163017887,0.027514126732254347,0.03285360575726206,61.79821105034519,E
119.5445152141519,63.10974053607508,33.87532839051073,14.22409589579102,17.355425331634926,0.09508923157553523,0.028052067322551222,0.03358252329675535,62.888505327511545,E
163.02534407160678,78.98473514966183,177.92905296218245,172.89091480209925,168.85544406810487,0.01855691103730347,0.21086799786595434,0.0584574326266268,66.70327704696072,F
163.56190815891563,78.24615224332773,177.5359117407773,172.27941313783876,168.40570818612903,0.018004014595679293,0.21144011715344027,0.058096860964331976,67.11746333526607,F
163.31614899495378,79.75473823810064,177.49569050153994,171.91685069897713,168.0884552415077,0.019529068041243686,0.20804892527923724,0.05815294819835941,66.88511104230734,F
163.69738737849818,78.49728951729574,177.64946752624965,172.18298617990735,168.41292243918144,0.017962540128727257,0.21110516157179354,0.05863279137235309,67.11051817418705,F
163.32035619338296,79.37444342300263,177.8899254122017,172.66908939342872,168.7688094053675,0.018327026138535336,0.20895565856700155,0.05794689980557972,67.75798584406043,F
163.5891228247837,78.20223784684104,178.57834230700598,173.12490227460904,168.90918776430007,0.018651416810171538,0.21102018463341304,0.0579569280175521,66.40780426402037,F
163.70619723950352,80.6057590763255,178.45417798993796,172.87245562621166,169.04803357281364,0.01935871059540819,0.21010056299345342,0.057570783794470046,66.8754683404275,F
164.92490059183652,77.35790301572717,178.22162329736145,172.71445085061484,168.84933305840755,0.018106605513735743,0.2112911020672746,0.05679654358701338,66.50650445745089,F
163.72896851040622,78.2524419403053,178.4797832385405,172.8748110575358,169.05006564624665,0.01850754025803442,0.21120944658843763,0.057463007882986486,66.87433735663274,F
162.5716025744815,79.35746321848443,178.9855774580996,173.46552208968387,169.70253614139637,0.019826146883631053,0.20666487448293996,0.057158972752848355,66.76435421947996,F
164.98543923011513,80.66759303372056,177.91187629021618,172.2464828172404,169.02307891024842,0.018866867281791194,0.20745260345441727,0.05936570464362697,66.57562561530689,F
163.8957630597792,78.34125014783763,178.58417167835168,173.20539463529303,169.2826610829074,0.01862992194135269,0.20856849554474605,0.05761188972719544,66.78915603132313,F
162.42768485382527,79.83149065583035,178.67620040419652,173.1577722755296,169.32199931915162,0.02019032263114476,0.20684416662316626,0.057341815623302705,67.00846135467194,F
163.85491988788795,77.75258469694037,178.86514636092028,173.36410943325268,169.5046828603805,0.01810414079311004,0.20870882304977895,0.05855750749682027,66.15078903451023,F
163.90227630163642,77.37558994550629,178.66122779502402,173.11450364305787,169.38719063867057,0.017354247238649593,0.20912712442631862,0.05761673508685274,65.51983824238117,F
163.80714848143637,79.75814968005112,178.68609548966268,173.07403425003855,169.33696640973494,0.018703885031512872,0.20828280374763275,0.05850096539109528,66.60363321163771,F
164.52169095246543,79.41809391736781,178.3410580942753,172.9515449463502,169.40614110068694,0.018457908123794855,0.20664286680263222,0.056936048653172554,65.6783680210887,F
164.72381842470514,79.26138244639658,178.0224206604212,173.1806887886508,169.65142159667278,0.019497576013306393,0.20689413335724033,0.05818146268389675,65.28019317211917,F
164.3894707432816,79.7556976524194,178.2994815815464,172.9866534407218,169.4260667366663,0.0177664916084648,0.20752549982507323,0.057024856078038144,65.43554844333619,F
163.54595997841753,80.15049855884904,178.23734033770907,173.3876076125667,169.76352390271447,0.017946972211397624,0.20804934896864147,0.05651812045466618,65.9270390885503,F
164.86896524946832,81.6964394312561,179.0121328238139,173.88384784455184,170.04781680975057,0.019914067188312602,0.20658184065522145,0.05750464995830287,65.75209835954563,F
164.54170829908924,77.92488683527077,178.31471727860017,173.1760727106303,169.47111481751966,0.017337476792920033,0.21262520965672985,0.05757664900524808,66.59097110099628,F
164.76147954453853,80.34541267675118,178.84971263292798,173.5052782807112,169.6277481406471,0.019475810112406303,0.20901943753472083,0.05761000986477073,66.56290103731976,F
164.315381054168,76.60912060195821,178.43035064628165,173.45559012839428,169.79661720389285,0.01867153265810545,0.209809606348273,0.05713179385342908,66.25088128071214,F
164.11151359657245,78.59080131070901,178.6575341399015,173.3097685635421,169.65826207082213,0.018513938380465764,0.21047261528272074,0.05705650949817148,65.73145397946993,F
163.9253346557499,81.61462576256865,178.70259149430717,173.17240940618643,169.10632401287404,0.01886348858954244,0.2076838597725934,0.05741267344238891,66.48130851865113,F
165.17990526775168,79.18298402,178.85530718256373,173.46023783586895,169.85915171268883,0.01923794460303508,0.20807160298208918,0.05723576369041058,65.99791924717528,F
163.81277472369976,79.32221515025941,178.5750840369923,173.25951051168255,169.55908295670523,0.019194690574056535,0.20782006405150794,0.057167714562876296,66.73710649401994,F
163.8548706377209,78.70526138680913,178.92113577416944,173.25967392197379,169.4848176713413,0.018727677295823357,0.20726108604506513,0.05785878183484145,66.0750240318024,F
163.51005721631654,79.07165162782562,178.3720628645605,172.92337371891242,169.50966108873186,0.01947007363191014,0.2072633889660464,0.05719509911340864,66.88740513250214,F
131.1624939472142,175.99070752682096,51.44011848190635,49.26602486115285,55.50633406536966,0.10015680473850781,0.125525630245067,0.03654978612475551,28.253485146350357,G
133.09733744834887,175.5102850327129,50.84084604711227,49.19743128482146,55.107605746764044,0.10204120726656378,0.12690426967947427,0.0364848277501325,28.57951930711962,G
135.253054904582,175.9576058215901,51.064329658490074,47.87892095018576,51.91523473162115,0.09715212372406631,0.12616858292871713,0.037511738671477904,28.24756381614527,G
136.57299246550863,176.42872282503623,51.48421194060087,48.825067732244605,54.76608966061365,0.09585224617576575,0.1267547744252684,0.03636004818030749,28.131581076544517,G
134.17537500013566,175.2750830652425,50.5906238294261,49.78853257035566,55.24544967427492,0.10050815502856318,0.12479500671990543,0.03689150244469136,28.363480785264812,G
134.66797201438564,175.20026350088833,50.88474351667241,50.78257668088058,58.02476073904404,0.10031635152452663,0.12682355754887964,0.03712758313505653,28.81393185331569,G
135.97657547622842,175.8523306543086,50.43986536488408,50.003768309785535,53.37111987245967,0.09927987902234628,0.12515223191670935,0.037574046934945905,28.408304569761818,G
134.1886731210905,176.8784504386612,48.170946968120745,45.51476850093025,51.008163343001605,0.09693804057547574,0.12478799616392729,0.037599409803671255,27.98975100202462,G
134.1697036358874,176.652140779539,48.57293414570762,47.45472789525167,51.14496196871021,0.09774188152449059,0.12419519598716944,0.038280884699775516,28.23443050890956,G
134.5520882904893,175.3902481076332,50.72720927251925,50.304179312256714,57.51421391415825,0.09933283201549305,0.1272069075483877,0.03773304222007353,28.477651708751836,G
132.72191824820905,176.28858491504366,50.857565661442095,49.628856833279265,55.39993237533178,0.10001820417658487,0.12670110840594026,0.03719047896606406,28.447784139595402,G
134.8807571173021,177.01052696539003,49.91679107333229,46.215175652873455,48.98159271430084,0.09639156036179865,0.12516692150804679,0.03709150593850799,27.72548805601292,G
132.29825504063555,175.7534655636853,52.40522998505933,50.82785393482212,53.34211910726412,0.09852623930129967,0.12561100881531537,0.037206757839954314,27.99837258551116,G
135.28278417085002,174.16472317070637,50.267242765081015,49.60294177177496,56.21569150562399,0.10023801777120632,0.12537825025611096,0.037262148948829836,27.745113546801612,G
135.88015636354584,174.42769519538092,48.492609702641154,46.92270539787153,53.46390917721717,0.09897632318625618,0.12392400881221508,0.03619439269921372,27.912087992043865,G
135.2169394349071,174.27601325958807,53.23688312216001,51.83724614810489,59.58712872920669,0.0957906014460733,0.12363524140634069,0.036289295430273615,28.79238369696228,G
130.05351231655882,175.98570498856805,49.76360514305337,46.73809210540508,52.319424401358006,0.099359880495588,0.12717086227346003,0.03720705119923484,28.574512332665208,G
138.78033479407384,174.9022659507112,47.60693991729376,46.33440321256693,52.40319548094702,0.09884222012831347,0.12729998465848977,0.03670740787226966,28.357474092548113,G
132.3327841365697,175.88974803829527,49.337325445515255,48.48249598122626,52.40180733823795,0.09686284404908674,0.12450105057200318,0.037911133039006464,28.37759954695054,G
138.3856119165777,176.3998226017281,49.069815023828106,48.17359412503195,53.2458425154101,0.09478016642906535,0.12693493172606912,0.03835614210250771,28.097451618436207,G
138.37398685042552,176.7801917701385,49.65607051727878,48.89841403860812,51.53977650892898,0.09795099216157727,0.1278896856875418,0.039122540339443755,28.29722154636226,G
134.75430885406897,175.97348968848743,51.010342425699335,48.006246196755484,52.19623075548363,0.09573169605356481,0.1251293757255859,0.037711157903879695,27.98542811504474,G
137.31739292681863,175.57855988658682,50.38755065623357,49.489938903511,55.60369257915382,0.09712137285755718,0.1270932851363436,0.037415829608825474,28.31792751833742,G
134.55292221339005,175.51559178907448,51.610780258593145,50.65414519860904,55.83129377269775,0.09785567198371939,0.12475725472098792,0.03739493046616604,28.667246341651577,G
136.89907233699574,176.1073293292352,49.22982442462325,49.34365611525837,52.692667491814674,0.09785297836530925,0.12551092511430495,0.03882734435759119,28.200489417357275,G
135.59945936333096,176.90547793366628,51.27000087131659,48.50798508283208,53.211105109383254,0.0944933321324925,0.1247671556293878,0.03713098650710446,28.582794061527256,G
131.4635229363454,176.700399629815,49.95775501600711,47.737932521541175,53.104419880544064,0.09948049752596293,0.1258435669626106,0.037904545342807454,28.41898230045402,G
137.68906389159517,176.32085474139788,48.83284866173487,49.262168715169125,53.8027511728032,0.09637007454605107,0.12651623268961742,0.04005546575169985,28.568098000668922,G
137.50327693412987,175.37448157473858,49.97735817942543,50.4393793939706,57.93525574732177,0.09950905531885446,0.127122616442451,0.03785196559272669,28.971428680986325,G
138.10998442037436,176.51709933204978,45.99597904425313,45.58113704578932,47.42009705809503,0.09665963993847708,0.1265987768709178,0.03955854286772496,27.912586855982667,G
141.54385134496894,173.13599068545506,174.11218893219777,37.71401968600912,52.70597347021165,0.09890851641670174,0.05040938272081895,0.15266804631193026,31.84135539044911,H
139.02207291052622,173.80848674828124,173.92996735155825,36.94471200221816,50.20410202939402,0.10073820605682826,0.050701896749549315,0.1512422038009438,31.85379364419136,H
139.53862445266188,173.87165592795634,174.1401356374299,42.57648361711653,57.316354651229126,0.10169582906769625,0.05092930368295378,0.15141053019730236,32.05434042523113,H
141.74690603341537,172.93815061628428,173.00719970654336,40.873210987145335,57.70592570639733,0.101360548787162,0.049952868281839806,0.15272486776498437,31.76270513459426,H
138.99674664390753,173.8996433576512,174.17050915089712,42.27411073097268,58.564243165891696,0.0998230427104417,0.04982794233091867,0.15186946858052983,32.07492328623475,H
139.59473674708485,173.65891244637766,173.2231251179173,42.737623492042076,57.549056075539525,0.10327942668206311,0.051082433068531864,0.15288063477422142,32.062744196726456,H
139.9602238129516,174.96001870627288,175.0461272295806,41.241870858359555,52.925550901908586,0.10628668885020562,0.0490548838632065,0.15199658608560007,31.69373970074292,H
143.3953336154058,172.82588910421197,173.7827414279308,39.46396132562394,49.82316517680166,0.09929132288237272,0.049400285730763056,0.1508824854350308,31.20384429840562,H
143.25519886837512,173.40300268319038,172.18408117231854,41.66786290247441,64.01982892343611,0.1028896572122608,0.052017636783899555,0.1537702735250225,31.390323703313243,H
136.13827596807474,171.24570963998514,172.04807139776565,39.95452707170766,57.91423712310241,0.11152450087681785,0.048758513429158296,0.15451504605913574,30.499844204720205,H
138.62076864510618,171.78822402096316,170.6989449712391,40.100498377792704,57.56181010856185,0.10783956517912056,0.05110178307600521,0.15314513914996863,30.592470149745356,H
151.03034268102672,172.33674787518663,169.44515156832648,50.60996997166693,73.22646350131247,0.10012158157345331,0.05323141291146537,0.1537934361438208,30.94679485321963,H
140.3670521747919,174.85554221878127,173.56814714417493,40.740714433505914,44.71671035417012,0.10365009435027549,0.04875164497832754,0.1507361493142179,30.817467036552628,H
144.02647876517784,175.2562862096724,174.04093275122509,38.96308224013968,41.565437119324855,0.09959908380445004,0.04897011209669981,0.15152319032290767,30.859158212535984,H
144.32078762241593,174.72348619954965,173.1224272269063,38.12013297596431,37.9302215589893,0.106970713182348,0.0481960752068947,0.15099111657943667,30.818605813223297,H
138.82531107037067,175.83920688249813,173.94056074813352,38.992656127634554,38.53789540016134,0.10451260790347813,0.05081227026601231,0.1516601966688706,30.718229631388734,H
140.6652184472034,174.26018432807842,175.30381787262223,40.06297495948549,38.55263157560866,0.09938922273471258,0.048805046549419036,0.15144208690233474,30.433238099382283,H
141.57259947986302,174.6023404554105,174.60706542009075,39.888857078473755,41.263649892514195,0.10337704531957319,0.047642203689345394,0.1498799818639475,30.33800130661236,H
141.06692533226212,176.41982830544583,175.40938532761996,36.860805196266405,35.65437830035509,0.10311258731995697,0.04918448654333729,0.14922633188810142,30.65810504840801,H
140.1906096638091,176.4135210594903,175.13367745552154,38.523076764927445,38.903791954563644,0.10399527150161053,0.05003151904835892,0.15006487377832656,30.880523520936226,H
138.8079865713126,174.37111060134532,174.1106399808309,37.85599498608727,40.01603495838926,0.10421262765863279,0.04857388064719033,0.15128875687266785,31.160299923966996,H
142.08800246273634,176.14456507883685,175.06094621984803,38.66974536397901,38.01764055218141,0.10178785763629639,0.04906920330091485,0.15083812814017034,30.878359983889286,H
142.70289628013245,175.1210922399268,174.8169614266396,38.47202644379666,38.98847767491389,0.1055096921100727,0.04828017592608392,0.15019252719543483,30.958562140038897,H
142.47040636334884,174.48917832405283,174.76783899870722,39.29912325214086,37.72759215424654,0.10141320242159109,0.04737489790041169,0.15085213887787471,30.723216246794685,H
145.64751954801773,174.8608600430572,174.5427664538739,39.82835824990038,37.59296566706264,0.10003071399596454,0.0478843863678868,0.15273033136590308,30.738903628823476,H
144.11848043758698,175.41963942094543,174.74316527680014,40.30156071943742,50.01632984497313,0.09718942284684014,0.04989058146356723,0.15119623307540753,30.850564463876992,H
145.16852568492683,175.49471141001283,174.0336251009157,40.45175816177135,46.423490524848575,0.09872714133195458,0.05017317715030998,0.15082155467796246,30.955242419769167,H
146.47572859028165,175.41697070558914,173.7790850141924,38.60299980718218,42.42208533134367,0.09732548968151859,0.05121268186523173,0.14964280700849222,30.909563283089202,H
150.2239274663621,173.24380620190183,172.41186485068346,39.93514022752712,50.830742418055536,0.0939908159877018,0.05048180670041644,0.14990496729653852,31.152807948025092,H
147.0197046999272,175.44937258678289,173.90955659333278,40.66959440027145,47.607051452582624,0.09596712414233319,0.05053141585933927,0.14908999384705296,30.869512863360843,H
135.9821810269615,22.101525776001054,23.272926842725617,14.511456859676034,170.8011006320132,0.052523566298182944,0.02402520865602828,0.02699637897638067,76.91154094807483,I
128.92694942775094,21.715729645723915,23.594627259419976,15.828403451257893,171.21716659812708,0.05353341257920195,0.02292772313050638,0.026916302843744057,76.30250258017631,I
130.98766342586967,22.0166411184071,23.808284592496246,15.797046077691007,170.11067352600958,0.05411566560505494,0.023898341412958875,0.027730185548339982,75.85083929873262,I
128.40713318799257,22.199906223462456,23.792153735569936,16.698516662213887,171.71856903478815,0.05097932179492802,0.022591843671227702,0.030078272578997353,75.77679491246965,I
128.69164402149457,22.3387247319917,24.525910617905907,18.153325220622772,171.39360503361894,0.05378188439385655,0.022856576135999375,0.03313625341682381,74.31428206936745,I
131.6495917343496,22.380407540213636,24.46063412198411,16.492319977431798,170.52159738158315,0.05234658037301317,0.023515049990181,0.026341597683236025,74.8924561666264,I
124.35995324640926,21.201745944175702,23.68826125763913,16.673371555480042,170.92916074768766,0.05147954963935467,0.022321753674939233,0.029223898861063323,74.29721297072321,I
129.52431934289038,22.211360372037532,24.15526543567155,15.602087465198617,169.85490175065578,0.052134579734958844,0.02254198361099574,0.024324735343855996,73.26583293654201,I
129.66290492609798,21.700080145428245,23.6736127207156,15.689572319411077,170.13553584207875,0.052088431694053895,0.021732382241875178,0.02457566044305864,72.4006082735781,I
125.69039342122825,20.608863250979624,23.316565194085907,16.886110409006637,170.4447399445066,0.04982660428035895,0.023799412510308246,0.02401113466947124,72.6481159347537,I
131.07005472001663,20.40225221287936,23.717883136666384,18.543791976525913,171.38254983488974,0.048632414450102454,0.025406428388732544,0.028303003198562965,72.31701027515022,I
124.05820604268993,21.485722732380058,23.03221034354547,14.398545440040769,170.85097773352277,0.05227612532050225,0.02383305720199883,0.028150968761426875,72.02756016301123,I
118.48917199646176,20.8702600566858,23.1133540251339,15.885541286833291,170.70809706630249,0.05231832192688385,0.025105721925508813,0.027346093668041863,71.58457713970154,I
121.55977661583243,20.55914460226191,22.27349766474467,15.020567956664696,170.8756680030638,0.05312298520544367,0.022703360449260204,0.024877772963123573,69.71905607391076,I
122.75665770954136,21.450444859731142,22.32359443465578,13.99062244158717,171.09896982136283,0.05181433845770385,0.025405844435718552,0.027125589326690312,69.50537536457776,I
118.33067532863052,20.862381346717886,21.161144434413906,13.839958143957814,171.64463192231463,0.05451210052507644,0.02376948287611223,0.029128060043361572,68.19392876762203,I
128.15211923044362,21.693010653077444,22.515461082150907,13.726693684645447,171.80278259055302,0.05144724721543038,0.02454661669751643,0.03098292589722036,69.4044885788549,I
118.3788441245526,20.840193141042448,19.811793910735343,11.552826897140969,170.7884810622571,0.050034414769605295,0.02267140007716337,0.02429255318502327,69.27501054450596,I
129.8242148325591,21.823331017341154,21.51162487260067,12.889835822149722,170.06653518846207,0.05167778791436549,0.022350114253414325,0.02526601578308794,71.07128994172011,I
135.9562770925115,22.059144900639613,22.36436301879201,13.878084128040513,169.48359462938765,0.05159747327549096,0.022603638899287966,0.023480604675837045,69.65349875647019,I
128.90669060622622,21.7010385534911,21.832402477900835,14.523628157234269,170.40241228924958,0.053759800494240756,0.02402618773984995,0.02706854069482949,70.33142099554145,I
122.88648329736911,20.771472018529852,21.504023665480364,15.368649365481618,172.21544480696576,0.05215374460613372,0.023697583707829935,0.03023428020394174,71.30888201095034,I
125.02288836559899,21.08887494690848,21.76119249492461,14.940961758208084,171.47977985287233,0.05154003987267801,0.022185654131545045,0.026098698204625317,70.54888139864902,I
129.18881513813582,20.90058595650183,22.54120629391378,16.54175488610922,171.79268061842555,0.05350172460661437,0.024115526339499274,0.03382876550551512,71.5586846153002,I
129.02743278972582,21.3620485819242,21.8093278725151,14.587852496042274,170.57258138721693,0.05305895251963707,0.022610339919049385,0.025728178921684046,70.78652376136668,I
131.32146387925283,21.394375682602366,22.080212204490177,16.302944950606516,171.38893330700154,0.05303579593870086,0.021391471391995265,0.02678455224992713,71.60109268252246,I
129.63537100628838,20.63012376881565,22.400727316271464,16.194923591579588,172.15307897612254,0.050912804883215625,0.02352429860569861,0.027376671502447075,71.62727452590299,I
134.3523157733735,21.714483798035793,22.791918910541415,16.023954376387895,171.05272732151482,0.0531215784317626,0.02174255244105905,0.025474896657923504,70.8191980571408,I
133.55251455519902,21.665727323157245,22.54593679889889,14.808198657761535,171.69603296057784,0.05532796149630297,0.022444531489025917,0.027344758869504597,71.78812700367348,I
130.5421057249691,21.955012287668715,21.57243752677706,13.962360874834117,170.27335271865482,0.05613078251616336,0.02151422598843997,0.024742361997516348,72.53678841202428,I
139.93354870005624,45.85769502101791,42.23469331419734,32.13464492151532,176.95970043437134,0.020905919683161946,0.015765856249961966,0.01520524060201528,49.358570342696275,J
140.0129904899983,45.02219976461805,41.78926468209763,32.380730453260014,176.83991524841556,0.020758501831560316,0.01477720606202115,0.01523651199076196,49.16691557343388,J
140.60377776969327,45.92573431178509,42.55087509481611,31.724641173270918,176.57505442261046,0.02191554106599476,0.01548459244300134,0.01499105453731167,47.49995021099575,J
141.8274027267259,47.01717780806292,42.41095649207613,32.23219167027454,176.38917979104312,0.02133570116266296,0.014433851479536743,0.015115812429266538,48.64486784384586,J
139.82063395375533,47.17774171388166,42.5793588846252,32.39741038058426,176.78163783964143,0.0203891401272683,0.015561722754611363,0.015213710945312507,49.76532020176997,J
137.3117152863185,46.820393250716485,43.662635757537885,33.90556702707065,177.0281200115434,0.01982175019169307,0.01568515967679812,0.015308132981168779,49.540181985631456,J
141.4530261637831,48.09357092066858,43.9087105599328,34.87874393960683,176.25206382865977,0.02192733572482161,0.015274169029042503,0.017247302463386762,48.35777059749032,J
139.38239023248465,46.83093062523927,43.341966968022874,33.456379265484316,176.00185181157218,0.02006514728179129,0.014411849564325532,0.015537296020320336,48.48011787015202,J
139.63805549529002,47.88654764665264,46.26303536580826,35.43504199568649,176.82517400065066,0.0216195650259525,0.01692772081826642,0.015310798350409164,48.79494003796359,J
140.91380856671503,46.44660085311401,42.59679982091231,33.03873660982996,175.68507467378456,0.019508566266346405,0.014546338153899694,0.015011118798845771,48.62382710530071,J
142.0344727983182,48.05245495394763,44.81299344346917,35.11663899333288,176.0934343676874,0.021423395803686535,0.016010286024727927,0.015761392461141752,48.70370823841299,J
141.39624265572016,47.51335963082459,44.58562859812782,34.533076708030734,176.26245233646964,0.021778308791514392,0.01581790713963788,0.015220850409460354,48.27484774495375,J
138.18443559531445,45.737318222422694,43.58882819825623,34.112064039418534,177.0415217352947,0.021931019711721254,0.015747856861285433,0.015515124461243947,48.73347006612404,J
137.55408694938157,45.454092472560184,42.99456021235271,33.18251957436524,176.77960256501234,0.022342999065124963,0.016003819085016562,0.015249588673580755,48.7674162053893,J
137.27823718500554,46.1335270321904,44.03616836170389,33.42859103548016,176.92640704664618,0.020041637936682594,0.01587138487233306,0.014991336044906987,47.696719754981096,J
140.0311812137045,47.17406772590041,44.1611394578252,35.073352558555946,176.39308566781222,0.01976140854269841,0.015436750209429372,0.015735262464380527,49.883645327983906,J
141.8149141532685,47.59493426899399,44.68929368209894,35.656590181674325,176.08926477590245,0.020220527273605595,0.01634470361323237,0.01599786633653332,49.951739852380015,J
138.72209907158393,45.97495048459291,43.85600026316466,35.076704308331955,176.40649474943487,0.019684047819862247,0.015570656052929472,0.015610929685108485,49.48207562972265,J
141.12059780961638,47.8085340896959,44.42452348797541,35.286204680741484,177.17376303972924,0.02160365430877182,0.016245405608233236,0.016689926816130254,49.48209863144769,J
138.46157012530662,46.10126116506767,44.90815538492246,34.76541333671845,176.65066759070447,0.02308445123581739,0.015323924008117986,0.015232777858459057,46.81031340446578,J
138.59976220651595,47.81856428494406,45.62277347445563,35.771343607115796,176.1799033604708,0.02235566887869808,0.015249980190336737,0.015563084636589402,46.006783997880866,J
138.60839249546942,46.937396363965455,44.43063520803299,34.50255935884389,176.51454552301948,0.020889086387577162,0.015873121805953596,0.015843688065973156,48.21668274706646,J
138.8084417905729,46.12371915539127,43.67694746476652,33.467909438273765,176.45589088802285,0.02116377025025676,0.015513759608786645,0.015680126836923963,46.58470352614594,J
137.38368745862982,46.855279535299175,44.487609810403804,34.104774535985094,176.93335894293074,0.019499086986587765,0.016001904706335356,0.015382475177264168,47.714858759271145,J
137.06373518872877,49.39655178624599,46.48451799237009,36.728160664821374,176.74170262512342,0.021607176323263116,0.016969786481167325,0.016660891167610384,47.079470062633895,J
139.92483965027725,47.5535573694343,43.513331549547694,33.68868353748895,175.98442772448198,0.02094236564490097,0.01491257177849216,0.01705881114118612,46.37655936215977,J
135.5867102427689,47.913118836657,44.87442994002865,34.975901442226906,177.2568879828513,0.02212861150261674,0.017076433229452244,0.016892105438167094,46.35474451496832,J
134.9941978922363,46.74653222148313,44.69121650779922,35.521272560537845,176.41410572310036,0.02346290673408844,0.01666724694558976,0.016153343215903327,46.47195567075929,J
137.14905809771867,48.884005015076966,45.903870709384854,35.97754467559477,176.7715465070995,0.023236765934661226,0.017054711557205546,0.016880637342329294,45.79337464920262,J
137.57691835204972,49.141214901049004,45.491909200376355,36.28851831137821,177.1456530440763,0.02498647475561088,0.016797561827777127,0.017663258011568806,47.79196719327793,J
171.92431349424157,175.80703073112414,124.58103888334944,45.61292399633881,39.67944738936799,0.10328233810912132,0.12771034033507855,0.13798527328112184,46.52267254343045,K
171.27033072651224,175.7704658368953,125.23977809684403,43.95829238380303,37.23744079490554,0.09958645991990572,0.1264497917560812,0.13806219945333528,46.37283558465111,K
174.50050812368698,175.16499753073418,126.43948755936891,44.99844738917633,39.767919663729245,0.10691548565276064,0.1268664700802162,0.1371359508990473,47.055418530009824,K
172.70266666757718,175.15922192140914,123.2502374915079,42.9522367306499,37.74106011801834,0.10259409318985828,0.12597405880626986,0.13899710395594173,45.99813674750005,K
177.5735237131662,174.9211060348424,121.2277191945498,42.68812821497357,38.0501897091911,0.11423303836700278,0.1283788057617409,0.13559586296555906,46.599051441176684,K
173.07926961732483,175.54953426618064,126.09665309880977,42.50410119864268,36.46177024301902,0.10613008226495603,0.12894452919335525,0.13698009686797125,44.710334315344575,K
175.04374485401559,175.11703281979632,117.2629892701546,43.74549595806634,38.729600058266854,0.11045797023341604,0.13078188420882245,0.13388711744022705,45.47825596627412,K
174.06633151230022,175.34488616035244,120.60095644966906,44.50761633297334,39.81194093112577,0.1074887733977851,0.12845230319813897,0.13766762098184904,46.87505001573726,K
175.54095093979848,175.28695222499576,112.55374781483376,45.01334928209224,39.44704408870917,0.11113516056472855,0.13340900341257236,0.13385775395859814,45.65138297004111,K
174.9495663327286,175.46308707209764,119.7056106492968,41.84077045207941,35.03209485657834,0.11209254150189478,0.13021059234221047,0.13539173089209516,45.74123817044912,K
172.39648310686553,175.54872336285166,112.19514866218663,43.344355226239166,37.40900995004267,0.10821376651903213,0.13186805014928393,0.13446682890131356,46.31612052796011,K
173.0703584764306,175.247241384805,119.18463629884756,40.878583560698566,33.34246835359895,0.10599078976997506,0.12978314085886525,0.13535105880544238,45.261497669455544,K
176.03055577174652,175.02810500023247,117.40903878669525,41.795866166204014,37.727380923812035,0.11017776863512938,0.13067633292751576,0.13345890134381977,46.372043598922275,K
175.77066847055448,175.32932420905271,106.39102465552476,46.02776611748944,41.01956520782791,0.1117212729210027,0.13392227463071513,0.13312781066796453,47.04132870150845,K
173.5518206138564,175.55265604630904,110.03474797219987,44.5332704360646,38.69004095160383,0.10680025654455104,0.13266577230819263,0.13416397671089575,46.264701895167605,K
176.01988481875375,174.96879189437163,105.36931851956763,44.54462441647886,37.651768716464765,0.1112891340653823,0.1323733129085523,0.1336979584372869,46.766009038450726,K
175.9321369002611,175.3952952213873,101.5162668123689,41.88348147039919,36.17771053994263,0.11110246684662492,0.13333197388247015,0.13202293715711705,46.56938893036367,K
174.5794184239752,175.57524577502573,106.15097816380715,45.029191885330164,39.12350711118697,0.10661081416185482,0.13302103225148462,0.13392610214146733,47.34560249861302,K
176.9943701325675,175.3512381567495,97.99648765381939,44.55477285743578,39.2892463682708,0.11086605875121958,0.1356609013346489,0.13260430021978817,47.108618570447106,K
173.98172229232,175.24958104625318,115.7674193877396,45.92413011318233,38.61458719110541,0.10621623879472351,0.13280462422482336,0.13496312812703476,46.34611492225917,K
177.44516775498602,175.10969170552994,115.04620156511021,44.373673029703916,39.72737138593705,0.1097933602438082,0.13177231070763973,0.13329718857616335,47.893735483686655,K
174.08585612129832,174.93865511959393,115.23538596934279,44.01501583437367,39.19948740220428,0.10745460651575238,0.12941264947639036,0.1376397652418425,46.250018994971384,K
174.50392692408303,175.19414555172057,111.64494743404482,46.498296631689584,41.06644319391011,0.10701015243305535,0.1321511365766036,0.13372707381734814,47.10472325490886,K
173.2017841935028,175.11886835541725,106.19548824500087,49.978420044762025,45.0349909362974,0.10469001538128463,0.13422677642756434,0.1336874376217217,48.06743627206704,K
173.3836652149335,175.13342774059842,116.53459766381214,42.85694319665802,39.284224856901595,0.10668429964406621,0.1289928687029745,0.1353851037700576,46.33006175793492,K
172.79314706051417,175.18579310899483,106.92930667165264,46.665663101289454,41.641404167827496,0.10374939514756702,0.13128527400011386,0.13399509600419462,47.24865953875315,K
172.94164897074796,175.19324695514038,103.26437659604964,43.67603316026127,40.3280673690534,0.10448866824802194,0.132212339536202,0.13290251349081753,47.51004604061479,K
176.01852002592406,175.8088048447468,121.14214833738717,44.91366659102521,40.09497203296426,0.10999066417231605,0.1263582026138582,0.13730903582674114,47.452452427238974,K
172.12238139492254,175.56176411059636,111.22232208264005,48.32613725360936,43.19130659576588,0.10257335307162176,0.1317842781978708,0.13347043705362446,47.545994954921355,K
175.17572289171005,175.00947930105553,105.21017055157934,46.4128580748569,43.251647435395036,0.10953515144041774,0.13251558797021695,0.13176887214963276,47.585651210077344,K
152.24905268337355,177.70526182583646,32.88771863113017,35.63719138228196,28.682146111678946,0.2373117341090228,0.2254134487414165,0.035575543162442935,50.02266666904825,L
152.4710457328131,178.25662582455877,32.74319321698656,38.44240491970966,30.688501505105474,0.23676898348925376,0.22531838162027745,0.035996135532077096,50.81990934399977,L
153.26705976123316,178.31135534518515,33.318311860874516,39.01164074533697,31.968609743970536,0.23652164293178182,0.2266806962676132,0.03613004839287062,51.11514708967724,L
152.02320649060158,178.28341447344175,34.151876584154145,42.37549758594866,33.561251435478084,0.23651105911719028,0.22722423210374235,0.03650913682502304,51.099452396535675,L
151.49575853616275,178.24541072752675,33.390741929914476,40.71111989258864,32.54375338149594,0.23606585909431368,0.22538376248804087,0.036316666472491016,49.881635925908775,L
151.07489668952428,178.47523593961202,32.969570544641535,39.98171572824203,31.818174098364032,0.23570777481422753,0.22709386207217974,0.035498801596548515,50.2225930098786,L
150.45793142272953,178.7345794024445,33.25693762626686,39.894941744782955,32.38612031427274,0.23489057742146519,0.22476742533974392,0.0360577430058198,50.00629671666637,L
152.29530269946457,178.71967556670654,32.65789748546763,41.77976731073725,33.35711281874131,0.2364668556211869,0.2251053855123584,0.0380352156611544,51.183116180007325,L
152.00311854899687,178.29071318093412,33.557577538400515,40.85708915493371,33.7013667197892,0.2374770012762611,0.22610531615634533,0.03756421127298353,51.27399780202647,L
151.23592281675587,178.88702992837523,33.069320985245426,40.82870277809833,33.3218910718215,0.23785528006980478,0.22843324614771687,0.03651967469899709,50.90273732521379,L
152.16882260960503,178.90535598292755,33.46720214404299,42.69277800399226,35.045491376351976,0.2361428971162273,0.2260554765860541,0.037246194099503326,50.75857848849681,L
152.6231165948892,178.84327246349218,33.278887010032825,42.11006675656148,33.77299355726549,0.23665590030700845,0.2271539167311647,0.03698230818845958,51.030033312257025,L
152.97032252851147,178.88050953278554,33.76134467511742,43.20656684285748,34.777919053669244,0.23758472023234278,0.22830627519615396,0.03728325832484703,51.06872985927673,L
153.1027271361286,178.858760475317,34.63957170801932,43.039000658949085,35.587675455008494,0.23693047686451693,0.23014535415473236,0.035830200827806406,51.115445920461674,L
153.00993825343497,178.60927189338307,34.53631362857063,45.17553847839512,37.6125853761817,0.23650729415400537,0.22978798392661332,0.03718421765819515,52.52488419605333,L
154.38006339596393,178.52920617402552,34.82718494546446,43.21959678113559,36.56240900529327,0.23456020340329767,0.22954299464321,0.03605225240534573,51.569080713768805,L
152.43135082128387,178.36806800662373,35.095766788569556,43.4415393518462,35.08577050536489,0.2360813257437847,0.2323239883485163,0.036034945826688675,51.605872996364845,L
153.11197103524879,178.55883448405694,34.63791198543599,43.24628504923289,36.48356836291722,0.23452602393952435,0.22818949642155334,0.03702670954099416,52.30585096825162,L
154.7687041206354,178.51823898738388,34.89953314870166,43.37291567710801,36.38036419365723,0.23320972357508607,0.22810947942750232,0.0364770641284318,51.544776292083654,L
154.08913126257855,178.84308728274777,33.721727009562066,43.70192822288015,36.32550387920679,0.23571164318539256,0.22882621495961541,0.037093081693280024,51.01743510610513,L
151.9073382337085,179.21297125387366,34.13489189116348,45.111807415135736,38.326232031578726,0.23294415891813816,0.22765526247003673,0.037178666659911756,52.81967987043229,L
152.94340406221215,179.10534769403463,33.81224657001831,43.50756557470803,35.90350300696683,0.23360214962595566,0.2266649339901849,0.03741918939609069,51.03672325015228,L
152.74998769557678,178.91166158654428,34.41897407162312,43.203962492565616,36.229707614499645,0.2318679803897356,0.22859218332720524,0.035020691880074305,51.33144656342955,L
154.01914963587117,178.4918521723811,34.953406245298595,44.61920715308175,37.825879793573904,0.23422065304072953,0.2304437236040625,0.03553068689109731,52.34885232453578,L
152.22479197279125,178.3380891972595,35.20303777498885,43.330188641745266,35.40919876217915,0.23219581318845084,0.2280507624058885,0.03618899264306348,50.87357390907754,L
152.11357253693535,178.6721173338332,34.35774199522212,43.784596643951055,37.31765317150747,0.23282094350674984,0.2289118506062135,0.03577453607480218,51.40932946802583,L
152.45111426163228,179.06015768041865,34.40446253691489,44.97264527083512,37.00440633116096,0.2324383388427812,0.2276264647709609,0.03778880310626825,51.92297491917953,L
152.47120652248,178.96063494121708,34.39501225961663,43.880256264172964,35.44820019806025,0.23200700694300289,0.22949442741887044,0.03675284052279227,52.09068798041259,L
151.05143359539244,179.02682981775772,34.48205271196033,44.4661391473433,36.72874284004185,0.23250883617267673,0.22999619863558982,0.036413948396332926,51.78245256911775,L
152.67034146797258,178.88057338660784,35.045868527644465,48.63568161237123,41.431720017410505,0.23224270763581126,0.23106028397264566,0.037288836806485134,53.52021363611925,L
175.67403392159517,36.34724231891302,28.566953825493727,24.265841077339623,78.65400509678004,0.09235687244817598,0.015206200242327366,0.02640181000430178,53.95803214800794,M
176.19984428689983,36.88220571753929,29.565540046628666,25.954727697997374,84.3554271199686,0.09278204828881681,0.014958079866186151,0.025573933277234073,53.70183141236203,M
174.78827269394066,37.39533474983166,30.22751405127252,25.55597188280749,88.37615398347397,0.0933637634771293,0.015271178702236144,0.02537898741617597,54.58998574577155,M
173.30888375829653,34.55372478025186,28.66154370902094,23.888984580653666,85.79127829865809,0.09378176593383689,0.015568267664577959,0.02654426831331339,55.90891853665148,M
172.95799720599828,34.94700072160126,27.551276531394386,24.594087087588118,78.19194349670848,0.090829629573453,0.015091673561880214,0.025311683515953847,54.57277707441773,M
173.33769433361672,33.354460700251806,27.27429185135043,22.350742239079924,78.12107348262808,0.09098566105668286,0.016402741596949686,0.02501284938476184,55.44510589048532,M
175.6067077351419,34.10146467157231,27.318871109675253,22.0687013675365,76.02064041508461,0.09224377150089245,0.015595443024501488,0.02665064210684333,54.75854599008413,M
174.49609319607958,33.845492492018025,27.085467154033463,21.885241170321777,75.26702247131449,0.09158365381932963,0.01661245590345336,0.02659338904724371,55.367928463122354,M
173.79056977376445,33.98259526346735,27.08330469501495,21.26715813513727,76.84084903212779,0.09233855591466522,0.016724209283607367,0.027179557111199883,55.384903126072594,M
175.33139133686294,33.12409213102015,26.624319213874895,21.590569992670744,74.85746469182001,0.09201950562163949,0.016313290754355707,0.029507159255219236,55.348949272309405,M
175.23846091074486,34.15666629377956,27.15540549288107,22.172084911362155,77.83712672724997,0.09263990064058698,0.016094551966227725,0.026157852590704987,54.96590733114941,M
175.4096903734375,33.36300373971046,25.9827811996819,21.148544303449906,71.67233387060776,0.0942161346713425,0.016893797413235077,0.02685314980705185,55.81865527736101,M
173.55605188921737,32.71690863024874,25.222081309370424,21.2908598472832,69.56153920624855,0.09178532275597334,0.017409903410319887,0.02910540028459005,55.315620347251375,M
174.76159714634937,33.911854567043044,26.855881482086353,23.180879379407358,72.63687427265467,0.09396361624817241,0.016979725581700144,0.029338545606114187,55.53463629232387,M
175.85600661355213,33.215716877986424,25.861769510232353,21.19677795902208,73.68104675130134,0.09213352630671437,0.015616422929171163,0.027719597343251006,55.35134852311641,M
176.65333113861723,35.74189241115991,27.56986650868639,22.124163205388,73.6595635997286,0.09449000600231967,0.016144953295490757,0.02655867116498757,54.33980902783367,M
176.0639678624407,33.45224137369448,27.249723543379837,22.292671424672154,71.46702105883891,0.0940227935858724,0.015510893752378829,0.027497149638505112,55.63697911501722,M
176.46331233510068,33.72333893240278,27.103060398266454,22.062460738042656,77.41223128297688,0.09244265645221307,0.01561116852620688,0.02699274133890714,55.38308162132529,M
175.04111970933045,34.763930752001116,27.605703663011447,21.897381476840916,75.49138371568282,0.09314356179147677,0.015942579782483427,0.02744299736115667,55.686156669838766,M
173.1626303076277,34.07074815826829,27.021424955225815,23.178302874127276,78.73740089004534,0.09322434972240635,0.016723251716727033,0.028705809931062795,55.50250203208276,M
173.92174637563832,34.37939847513081,27.36147569332334,22.789989629214276,75.91299329442175,0.09273030484398191,0.015348035709983058,0.026859845651098675,56.27005663459121,M
173.85102947634405,33.410206581527035,27.22595005141253,22.446698292889153,77.05062902616442,0.0930663427722485,0.015377958927910449,0.02726435214928937,56.005261828144995,M
175.07098305130677,35.88278029335653,29.241720290063167,25.930113971170144,84.74090497220303,0.09324298100925899,0.016038075143056683,0.028424682224848372,55.440712705134224,M
174.56362171359717,35.13471082615682,29.053728026828477,24.732172256032204,82.56311311942322,0.09203784392817244,0.015233618788398616,0.025847762954610293,55.91985877913975,M
177.515464331311,35.80042832289348,28.69321977177734,25.2385104498906,73.48907858796035,0.09138672523537027,0.01631375150613454,0.024456427880996116,54.21426436576725,M
176.9888766637714,35.641633258409094,28.205051883430247,23.274098253625496,75.75333425297808,0.09259626017164904,0.016076587222009758,0.024890413322940938,54.716270998536885,M
176.58460446640044,36.940530412467936,29.04141513084346,25.050861862260753,81.753605493806,0.09300953827978684,0.01617819188933507,0.025101560143671337,55.551868074270146,M
174.41924426719063,34.988489415861245,28.866721261453417,25.554956464643226,81.08831102499238,0.09378201656718427,0.015204191722967992,0.027474421210569245,56.23915578231456,M
175.40133256211627,35.99917823053083,28.000450806974715,25.489198150635502,83.10524319401418,0.09301501503007825,0.015702646527017427,0.025636385822621722,55.49617722683352,M
175.14597544361945,37.396117854573,30.885875845598623,25.613526549504744,88.3416508995033,0.0951598302440896,0.016167030368386213,0.027297577168802684,56.70028042907344,M
170.7286862698146,33.79430735583276,23.091433401201343,45.49576650055326,69.57105883934308,0.09652864081468007,0.02076591452397723,0.07136467527295097,52.20489783205675,N
166.13739175923024,35.42746558332309,24.465397334853105,37.79908136564498,62.68958209588724,0.095382901857311,0.021402233349054497,0.07032352259627475,50.93345344878017,N
167.349669037232,35.130826393602774,24.541624587386774,38.213827837756774,67.48377706063594,0.09706204516606341,0.02320294129271041,0.07034928765841464,52.035712378895695,N
168.49787312130925,33.6813853086837,23.936216221540427,40.66136343964276,61.899331604906344,0.09496261573059389,0.02028644242086857,0.07001740115537326,52.50433507067084,N
167.01641213019403,33.47086838518108,23.31049530729753,38.686935640956904,58.925506357200604,0.09499495596943115,0.021001998558363374,0.06875198644261396,51.32551535273026,N
167.22635076072177,33.498746849179156,23.136459445004974,39.593340297164694,63.21447726539732,0.09368172644493035,0.019256164262063176,0.06672957568876448,51.102194733075656,N
169.20768609977165,33.880743021028835,23.496642679907303,40.39153188349861,62.33534622345932,0.0936002888555083,0.019649404905058638,0.06786332768094017,51.15694214470162,N
169.15453076263938,34.186393403338364,23.281791761996733,39.991392808652144,58.60370049218836,0.09407791593830228,0.02060170539780178,0.06848299343954287,50.53785928426233,N
165.58961335194132,36.857272760739804,24.26839185372299,40.369170108855464,59.25475588571745,0.09253739151276316,0.021116307262365522,0.06871660466658273,49.53934722835753,N
167.4954631723323,34.11620749823084,23.169144456661805,39.281990511571266,65.10449620995611,0.09372983718592666,0.020992090580242116,0.06773120405069553,50.51914720738805,N
166.5875398107439,34.328568520742564,23.343352205823358,38.370362242472375,60.492389010381686,0.09478537109728656,0.020738732716148643,0.06664756277205186,50.05193089546855,N
166.35079833439212,34.94596406401717,24.071998455129037,38.82603797188053,58.71300955366379,0.09439689763627425,0.021071401356791815,0.07021593301205743,49.15680015399198,N
170.14577485923297,33.74708890583334,22.644296235943248,36.49756229412647,58.20982913297691,0.0947010255456912,0.020016917293339494,0.06522179401573854,49.43564121829954,N
168.21982908115191,35.385308521684095,24.446370681627087,39.244719758970376,60.418347176557425,0.09634149239240612,0.020642274783707035,0.06634796847579727,50.473270594165385,N
168.65897584550092,36.183859398318766,24.742981523930496,41.81647007237273,62.32139738005342,0.0942646749124897,0.021490931725257754,0.06889299693380162,50.09585454446102,N
165.36020685129907,36.72622037116126,24.400454627185145,43.40118770430622,68.17987161969758,0.09491495050562064,0.021605733664545428,0.06968893504321721,50.858038919743095,N
167.52504187412046,36.45741688934726,25.016819554981385,42.6952998715234,64.81357361016734,0.09601648125804305,0.022585793273989015,0.06923235745595194,50.72174151470091,N
167.52932079195142,35.97451030959712,24.477850170242135,41.77624945815671,58.87734368449911,0.09697252902875407,0.023044049942232556,0.0718886457480891,50.618997056815196,N
168.586251275933,36.588668408943334,24.63966654406315,40.759337417526076,61.733078218771006,0.09608507973176438,0.022722334228670083,0.07103079861516898,50.20487147579105,N
167.23706223042188,37.53995092400008,25.49894383042471,43.6411143106851,63.76058249058798,0.09680858768576123,0.023275028967413187,0.07044590164246119,50.389926299524866,N
168.8466556907738,36.42238381370337,24.920519383534646,40.9577692791125,62.43671614524297,0.0986824254186152,0.02458030692499786,0.07090645441536078,50.10384487065147,N
167.71795624631667,35.324886112635966,24.673735815080477,41.73042427914287,62.2098847374618,0.09801109910460289,0.021065930730260085,0.06904516056098367,50.93851549018578,N
167.66986491050534,36.67870249081533,25.032032079890318,41.20801368876929,61.38087968091822,0.09449214274281967,0.019552506931648287,0.06780657308467111,50.0771423462147,N
168.4769189823077,36.239964409563015,24.582776720086482,40.58052699408042,63.65245262886699,0.09547553311160463,0.021069059838647344,0.06932012132611147,49.63239445806663,N
168.9459470648959,35.01993548798982,24.172156161327155,41.99339674293779,66.08320635823682,0.09622358512990921,0.022054901030897398,0.06998838097197888,50.14974331852495,N
167.06211806578176,34.79905311866797,23.87060182803595,39.68030431468693,62.21047466092972,0.09659511583023588,0.023052284278092233,0.0701801404997143,50.460308857014304,N
167.4969510159067,34.185666806137064,23.243833973871684,40.52413934298615,64.70026715985651,0.09557266020125299,0.020254529843840713,0.06737120634630427,49.99476711624667,N
167.11029239521804,35.0382713998829,23.555177470216094,38.49102236293658,57.372209312529144,0.09767051509348491,0.023762744003281853,0.07072535955899205,50.25911853127142,N
166.8663812412615,33.948836884027436,23.41868812679888,38.954280683241,59.106588335813974,0.09448516595979209,0.020842851586755223,0.06694063086925256,48.91027694391485,N
165.64558567558743,35.983891078620466,24.333850663102506,41.24389105465559,64.23815777470635,0.09659261337555305,0.02181323470578021,0.06685477466444921,49.17888068069852,N
159.96623540499138,91.5731962759454,77.04958644542306,74.93369425776488,97.39911428508911,0.018431616533063536,0.0239126449416822,0.013380902890821823,69.2343554741145,O
158.3722987454957,90.83174454255307,75.80716284696815,75.4191433900403,97.98518107985606,0.015179176967659571,0.020964208879513935,0.01142754073702446,69.54792431929215,O
159.8095744888477,94.66015418153239,79.3991863113438,76.55111077432773,96.30101707326749,0.018104154281676436,0.02211934523643661,0.013307905012659793,68.66697302748102,O
158.7461180168182,77.50083902514234,70.69973486381907,72.36114641754013,93.58944177225702,0.01228515771241535,0.021856978248404782,0.010489337196630652,69.2715978289899,O
160.36041586977834,82.1387990388972,72.9161928564703,74.42533395404993,96.80997380033418,0.013066544628974225,0.022075139229881236,0.010837016422875144,69.68443273313886,O
158.90356005953436,81.6490075516474,72.37045542010537,74.05640923261069,94.79208576219604,0.014497396765988824,0.02124250345414316,0.01109963722158559,69.6389239996843,O
155.66792614479226,78.82314701345007,72.59362892154412,74.84477570056875,97.79930157618159,0.014222504095584391,0.0212368849580926,0.01034469638284245,71.05819562992676,O
159.23182380944965,76.64742069521647,69.84920744391823,70.36150620281401,91.43964029584518,0.012375311873664037,0.02135983020998856,0.01079451068342022,68.11809666210766,O
159.51767890121076,81.8468705968113,74.56177098013369,75.78697682934322,100.72684948847123,0.01038645937032947,0.02134744410460983,0.010770735458124282,69.49840620025904,O
155.34332119520286,81.35718799300108,70.64396120670587,72.62124655204222,97.05419608878736,0.013506638682846565,0.01763168538970864,0.009049828100167922,68.90466611085394,O
157.0893613750124,83.92552445277425,73.09880316795935,73.400824950355,97.72488832132971,0.01723962503838449,0.020363102178666086,0.010969465564257895,68.07363882266931,O
156.18435977977995,88.36467476736169,78.02345270222672,76.4001016848747,99.70637316453505,0.018013331727215406,0.02206441127874141,0.011817420413813187,67.6132974654676,O
155.81345316899012,80.16964712739653,74.41131038322379,76.39941288262692,100.45862387585669,0.013019209673042969,0.02184199416344823,0.010837028239542253,67.84886713144695,O
158.87151111166895,80.36030337227766,71.15862726916377,71.8399342069772,96.96433980689575,0.013613019987591912,0.0193412931784655,0.010291467429179687,67.76864795909312,O
158.59941507420308,73.85067051393543,68.45232250605738,69.8519339285254,91.78571374077389,0.012608749130447005,0.020761291819868348,0.010822408768978048,68.53269047298889,O
158.006731969278,74.76995982613046,69.92295886268471,70.40025577929214,91.01469393734875,0.013311933882264693,0.02277532279788283,0.011493728774486359,67.61845532146033,O
155.67334075628062,82.43890507981892,76.00675556373699,77.49716559979102,99.91007600891982,0.013495002484653748,0.020029063453180597,0.009115766758739464,69.18159256369559,O
156.46725811114698,81.25930100625014,71.90349489645385,74.66860740706203,101.59566901382583,0.011900908199374251,0.017714173501136306,0.008630758655128811,68.65029685857985,O
157.15730549619423,80.86907578735834,73.34586621518085,74.18371653537453,101.3193923041695,0.015050511706259075,0.022250493471485513,0.010837416819029841,67.14389391292158,O
156.88076326490796,77.22368032182224,71.28812421007095,73.70391106808367,98.48789605885044,0.014509028042288014,0.021095592921298492,0.010652526709145009,67.68278575463073,O
157.84503277072812,80.46760230859361,72.25077286957637,73.85945755885082,103.2592116404051,0.013570385403172722,0.020799510984842715,0.009746191791543858,68.31373304717374,O
157.63062684178968,77.41949390344934,71.08748191301012,72.3260639849755,100.3923750641091,0.013378298136186694,0.02271595383584967,0.010885012164791001,66.86257114468724,O
155.19056034904423,71.45899619122456,68.33991257747029,72.21803611583215,102.79701779872863,0.010159360626415924,0.01873328393506355,0.009713700307032246,68.75192052370706,O
156.62561687175204,74.2731083637927,69.27785696541643,73.24905546409245,100.39088913697813,0.009958473655232957,0.018916823046799033,0.010546378627684726,68.91431960503681,O
158.20907311852764,79.01329697810934,71.23250783105944,73.92523816295176,102.4922369761075,0.014114840587698848,0.0206054105665146,0.010474273111114993,67.60071159308096,O
156.71052357799996,80.24645244405916,71.49335246586404,71.8185337669536,99.47155111562601,0.016420235079302292,0.019995408803184067,0.010221420293115482,67.54270957349075,O
156.58779574322824,77.56557303465691,70.4945349060225,74.48733127116398,105.9261117051488,0.011277733788551273,0.020170147335134593,0.010051719071192379,65.42527560019202,O
155.43521782822106,68.6621058945549,66.89125296813376,71.71792369896707,102.6710439006838,0.00934292208165418,0.01902035476496474,0.00912723845932218,65.77696191925055,O
156.06801759907518,79.2604480043675,69.76713253985669,70.87700614045643,99.41471668969555,0.012371391745898673,0.018890422918623598,0.008676396269387975,67.09515735178077,O
155.42521122732185,72.40190552285927,68.75213076544344,73.29066963091071,104.61620681541766,0.008984155096899328,0.018659822831689436,0.009876781424468493,67.50362035780756,O
126.34465760661126,143.1455370472212,161.96685473302182,105.11721991207862,77.43883244609104,0.08873725066695196,0.1971343914338578,0.08132588805794222,66.26141812595066,P
137.17951799953974,141.214969631451,162.10659238471732,126.15252883965614,68.66410630927025,0.09112030236530652,0.19939712530397383,0.07081896890308954,64.87331116689288,P
139.61213564234055,137.61082282155482,162.84508552316697,110.87854667936023,57.82836165910684,0.09107787183230907,0.19699710381337654,0.07886257065086542,63.41908049420679,P
136.57938087608844,137.06241974043138,161.99400506736103,108.21921508915521,49.90489148905113,0.08798239052772369,0.19668624653260047,0.08067670286801262,64.60798804788848,P
135.867122883685,137.51996344033137,162.45844967745194,96.94261876983104,50.41271122699874,0.08742578030694456,0.19665254670966326,0.08498011117108878,64.93965440455996,P
131.54875187513593,130.88758623106978,163.65484751503823,122.8256136305685,63.25052806286538,0.08463254675195808,0.19613566381530112,0.07681327993798565,62.86838765831031,P
143.80343668565177,135.03216331509677,161.62008892658483,110.41651930914135,44.86965256461725,0.08503629846165205,0.1925110762125068,0.08035395730945802,63.418235620838054,P
141.52923388826585,133.32308141938447,159.09668390682597,111.71751232639079,43.477694521417575,0.09006290686675032,0.19503199806055455,0.07843371289799048,63.7432050567601,P
139.26726792722678,138.24142299774343,161.4043700891409,94.04888515366153,39.30479530908661,0.08962162960886486,0.19824819047570355,0.08538948986032284,62.25270017144946,P
126.94216770643575,133.98742576293085,163.41908921144287,115.01988692560826,61.420109980212025,0.08699004907635847,0.19665067891159535,0.07741478634111004,61.676721378543505,P
131.68338354647076,134.48724980891825,161.61666244983223,81.98089519253003,32.752542252529025,0.09196210230140046,0.19711007150088933,0.08642278978250201,61.90223276400471,P
137.87556193035485,138.50153272106851,160.91433436731833,98.74837498659637,41.919017428099295,0.08959380649479033,0.19843617780804593,0.08366815300601947,62.80269834314673,P
137.18683123341685,135.90527103686907,161.85372223967545,122.58703724018432,74.45117789056047,0.08639604907091691,0.19541408099952104,0.07795445781935505,61.780109319541204,P
140.33516598298442,135.4027114249692,161.51070930935998,126.96453484913859,84.1661301535893,0.08556896633916618,0.1959258871148268,0.0744066570403702,64.6144680490156,P
136.43335831314664,135.88178376542243,162.96223296133073,122.83415963953759,75.554507577829,0.09102694518442357,0.19623243753828745,0.07549615043972979,62.431425532599185,P
134.79257197346647,136.6273785595875,162.8575446353786,140.698254780009,103.88458309515639,0.08889337413399583,0.19691149726091836,0.06214252767032978,62.67011064026247,P
139.30395445467272,133.13356642669748,162.0403912262241,111.4999407386971,54.006908633591685,0.08902722270488336,0.1967758142471594,0.07987746129609005,63.107079979687555,P
136.4993280704864,133.93985198604503,161.78611594969422,111.56548337739842,66.22661203762823,0.09097421649336467,0.19227608265517446,0.07947977457664643,63.43086405989583,P
144.2175516512672,139.47805215175708,161.6160492714923,138.2242032402857,92.93252492567491,0.08297712977560016,0.19525167700344942,0.06797113078844044,64.50762870608202,P
135.64764662794272,134.22367126207345,162.62157895947206,118.69115824166276,70.43645078397196,0.08344380423848793,0.18983342198735756,0.07716906797903372,64.51192310667699,P
134.0720975829279,132.48647655215268,163.7562560212662,141.043243264781,98.55919602410073,0.0836494430838852,0.19198408083498697,0.06874955447294598,65.5853185255346,P
126.09707677423447,133.39388598361697,163.96014627615224,131.11555757283534,82.92733048565356,0.08529317384072964,0.19166108327072645,0.07220733604581737,63.56970750172318,P
138.55757553132696,135.5155461738526,162.1727812494827,119.31969098852132,66.46992351707097,0.08522536030518675,0.19367834463296477,0.07851318429399098,63.4017210909167,P
134.7462594787886,139.74730864461404,162.77387630694201,106.17706677410295,65.26015687366812,0.08440004043507539,0.1950410582692758,0.08269458866756016,66.29864048952828,P
144.552907297537,138.84722631166287,160.46196221307352,117.3071041430693,67.94308031112082,0.09076290494095862,0.19159172396822194,0.07801220256185781,64.56795791462913,P
141.12547268191904,139.71391798293905,162.8966976759039,80.1549522157362,46.94962053148616,0.08726773289995313,0.19118909719704333,0.0909876281607865,65.12927673164518,P
140.24691028502562,135.72858649337894,162.9322142719234,133.5283007669602,87.2526373212429,0.08251103049242817,0.18930084361444127,0.0669933156234727,66.90457814223157,P
143.80693695829825,138.45365217734468,162.057344024452,129.9258044389023,85.36569620255577,0.0857175131905805,0.1887153301937201,0.07076545098047919,65.87313262726843,P
146.31364948697507,141.73266384133012,161.69278490289753,128.2062418056894,99.3913869807746,0.08532934986962236,0.1892973907984752,0.06955276632150843,65.849249529763,P
133.45288748610272,142.70116265787433,163.17335929449865,139.86906400275313,115.85591840764837,0.08007026799140071,0.18255362769845546,0.06334561170138452,66.37374941910484,P
150.2253183274237,170.1030195959857,161.7741067133922,117.07564916528133,120.82838770855761,0.04576680215296361,0.051482138563694144,0.026613917661983462,41.021533916527105,Q
141.91993084533112,171.80105560648443,162.0489192252168,117.39067705969097,121.90993338489771,0.05506215961637518,0.053174465682613574,0.026228621060578244,42.43398781553298,Q
147.27136782630006,171.91208654617054,150.5070465618103,90.2205151981406,107.09800495591922,0.05036922646125882,0.05897751352199481,0.029253365494283357,43.639252310361165,Q
149.95207726750357,171.87384235027812,151.5242242608669,100.86135925715045,109.952062887259,0.05536293625745499,0.05640959697390593,0.028824758938821048,41.35101461354541,Q
155.5032993284616,171.1518817001081,155.51555044608477,102.81875834320263,109.10122286984061,0.04245988137485937,0.0593267973468695,0.027995730342131698,41.640558577007205,Q
152.48460750616815,172.0756126535912,158.77375326624903,108.16307047828255,117.0460243440614,0.04677988055372593,0.052377226850715795,0.027857176204908896,44.94827014681847,Q
149.405231567844,170.79027820241765,149.53666564920974,89.49328303141179,99.83169686795947,0.05490376192749471,0.05770442783737236,0.030858280128091577,41.31758241330167,Q
148.97951232774443,172.02691053031327,161.23189916318725,119.46187232219975,123.79097707660043,0.05052875293993994,0.04940632411714845,0.028484447889601514,44.652894213528796,Q
147.26145943774088,172.1325900132466,154.58154230205227,93.03876588637353,108.75913336201268,0.0619153995210403,0.05267554562828514,0.029152431546767832,42.27310600261047,Q
157.279593402404,171.43961354822807,157.88818485598895,107.41778438101387,115.4046094237936,0.04167994379136915,0.05048206693462427,0.030667656227837105,44.9304277007603,Q
153.0258493595193,172.467070587812,162.0368107099214,111.93330849766504,116.78990628151425,0.05346666194624089,0.050692249554788085,0.02989184398006153,43.66728628765142,Q
147.26111644824857,172.16099747542012,157.18473739558843,103.51575596773598,112.50524121647786,0.05392785792667526,0.04590861373008019,0.03386794147492058,44.740122517648174,Q
147.8491855214571,171.32830999032112,160.62116186663854,117.26537613753108,120.46874549904777,0.058264286978570355,0.04540079900005478,0.029985955660083503,43.816280918034344,Q
159.2243321743359,171.70426382969112,157.23627496147196,116.13105911309573,121.37451482422591,0.03464998772115343,0.04894742109820125,0.031961137765106624,45.90353270805062,Q
157.97111003814956,172.3450555236237,160.35783280137375,126.67363048387942,127.21371221537808,0.039020650921038756,0.04451620280196156,0.025652300462197675,44.419276888830524,Q
157.25866001213257,172.35711399047463,164.4216302538022,132.45073527383005,132.78087650042718,0.03677946044992635,0.03839872437730603,0.029507802840642784,46.84196429491852,Q
145.95534468550443,171.90243541491088,158.7392650769972,108.42306902409018,115.17873126224173,0.05838379504695335,0.04945431150184979,0.031325678245227355,44.02280227192473,Q
149.99938893558553,173.41423983244763,153.72229686508595,117.13459334043178,121.17693495681601,0.05221106503510316,0.05137135319114938,0.027758030967534347,44.98311117438818,Q
157.3271042900204,172.17687396611743,161.43526272799713,122.23655237242576,125.57514741988659,0.045698754776406524,0.0441173554299884,0.027338925374472356,44.68696394732835,Q
155.21050840108398,172.0384250426364,158.18482947666377,107.02228695972826,113.484701669651,0.04574267556038883,0.04851301711503372,0.03231882474364866,46.119841851181626,Q
154.72286351088712,170.93670156025414,160.00538050019577,104.3536681359948,109.27208292314253,0.04933414038581743,0.045185920085237946,0.035838365755235226,44.66008485616968,Q
154.74674605966803,171.12082174204826,156.65289530172043,103.24217967939313,111.48304439668311,0.047246803410972565,0.046034752222754875,0.03241858537122922,43.54896650277758,Q
147.89242581448227,172.0556785821032,156.2956775607014,116.8029242333491,124.49586073152705,0.05738397186938908,0.04824669242305675,0.029219636233025887,45.288752051976815,Q
150.31994901494463,171.42562437250672,157.25259452883228,113.10900172396464,117.34363529982427,0.06024081028163208,0.0460909902390505,0.03126593260185188,43.223214324555215,Q
153.7001698433589,172.61985119939894,147.3395349318567,101.70922075388408,117.32466874134509,0.048827883895320265,0.05523500513248493,0.029440016213583303,46.78647506468356,Q
153.85321316913402,173.27890528074548,155.86965016818732,106.82035637407886,117.80412241662933,0.041558686826446256,0.05456309944277019,0.02877621870128095,46.163854125755044,Q
159.7653923894111,172.29586893489687,158.21213547013448,119.02493929659327,125.48101939741989,0.03913231020400962,0.05220306878163948,0.026951326312749314,46.228639861971175,Q
158.26569609486234,172.97900211345035,155.30473588975437,108.25986068205894,116.72183496575104,0.04545378589309924,0.054057426815682756,0.03044343071371396,47.37912685375023,Q
154.58982857863376,172.8899699661814,145.3248892886658,96.31458845862105,113.91381074047847,0.040891042537366175,0.05904706080466259,0.030625533493975246,47.51186815151206,Q
150.95072962686356,173.93364205442603,142.95738443144333,90.14918923159713,110.05563618334963,0.05198541780208666,0.06027020297704492,0.031661236624914844,46.282742635498586,Q
160.26557836845592,174.56746544318057,177.22295858491674,21.620423566020666,42.775552039972666,0.15249234794231784,0.01721432414371456,0.20362645628117682,43.283515383205405,R
159.6133000733465,174.72784277955904,176.4858721963827,21.728949439716335,40.982777257529925,0.15609391954747417,0.012530847603114806,0.19520392551677293,43.131629468717634,R
160.94543287596667,174.33370796650297,176.96531108050064,19.522595180934083,42.62756098338695,0.15106416552292196,0.01563897061868845,0.2070169619076017,45.29452306877922,R
155.91283297673115,174.5034120174279,175.12667968701163,20.97795389073605,38.21943266712389,0.16219497014570952,0.009188806187659987,0.18339516458340138,41.42117950746728,R
160.07113957378823,174.7048122844233,174.79881953270637,21.17361385980655,38.43589485674947,0.1538993942296472,0.010801803292121433,0.20180329704291203,41.13518228072776,R
160.9946080911826,174.66366109414935,171.70275757199374,19.57423422097153,34.919598412942236,0.15968323583177818,0.02867523239291357,0.1719591946788817,41.05876409074834,R
161.19946503296669,175.05686384107315,158.50172192039093,19.210894804373364,34.51192552394247,0.16021976258050222,0.07149511001882485,0.14050324262289618,39.600985995613314,R
160.27169757497734,173.88846184059895,174.42119064301613,19.59045926536395,37.368590982759926,0.1558226897041907,0.010985175598485926,0.20200724707533904,41.2847720669467,R
157.4927444701653,173.89065347322583,175.9826293215435,20.212920665892245,36.46335205514245,0.15663117337309543,0.009426005330222092,0.19551952958495336,41.89192972735906,R
160.5530036450357,173.81517455697127,174.86423513664317,19.29494527767043,35.76546672100948,0.15625260202855223,0.012943298812117254,0.21420089320670166,41.58754776010096,R
159.95248602681792,174.41097505217647,169.84410933675565,19.042714438114345,35.178676812838454,0.15837947317558507,0.021209670529992272,0.1864232616035033,41.21290275263999,R
160.49973583175785,174.19403276880024,174.53273965785192,18.827439029863985,34.33914912956242,0.15558611596023517,0.011470524627430445,0.19666136536680726,40.73983362363923,R
160.8252239847754,174.67834275170168,173.64264357585733,19.311932581239528,34.88153081997222,0.1585800766913273,0.012203000447206321,0.1987645197165045,41.470181420956976,R
159.6803126497472,174.51945444887173,175.9851273142754,20.07419772259608,40.29847988254973,0.1542148633640032,0.014350470033617736,0.20450423655279878,41.94917884514526,R
159.19723261255555,175.88398084750764,160.82537758616232,18.14885489738924,35.06535187211977,0.16550739163162143,0.06524026185441073,0.1382781800518749,40.050015048580136,R
156.76756499624864,175.3789366993162,168.15205732597568,17.4110280021869,35.629393372558994,0.16139591305857992,0.03473336885308138,0.1696073241759763,41.72755973174415,R
155.42529480675847,174.22462738211175,176.99208522339578,21.909821590500627,40.859849628952055,0.15683641147670227,0.011484371379931385,0.19670677658684677,43.17346490347308,R
156.04548488207988,175.44665922394967,170.09789853645083,20.07656992162023,37.309069141710864,0.16478025572503222,0.03333479807756064,0.1626562661194608,41.35808571320553,R
154.0447009702549,174.88626920842526,173.7333247622656,19.519905399674055,37.20957828466363,0.16244085449213358,0.015275560565050599,0.18564005645846157,42.95488628870975,R
155.77029754584743,174.25225886045496,176.96545570596066,20.176126328730213,36.985657890893876,0.15749316859182405,0.010268191695555418,0.1995711958906036,43.15442705770551,R
156.49034312291002,174.7490219032286,176.7279988612345,20.453750127191395,37.92463939062331,0.15948669474434504,0.009092653651429984,0.19862265783128655,42.670792324857295,R
156.94776751521985,174.53191868162065,177.13683200263813,21.157497266536552,37.9130630723984,0.15607034098533504,0.010318721184046128,0.20042857967352457,43.80004720640965,R
158.03487846893654,174.90731993408303,176.790801420744,21.764538019156976,39.7276426638109,0.15823704243115483,0.009537752713996846,0.19866149520871182,43.162488026494465,R
155.1362182343085,175.12106199043768,172.66218646137,19.48771313110088,33.917160778939724,0.163705950177805,0.018614226296441053,0.18283715348592555,41.68847256820796,R
154.97215895623242,174.97289480146353,174.3825101363229,20.39396267438601,35.745009979769264,0.16309158117634456,0.00974112006678451,0.19403008719098017,41.329959519715985,R
157.80231548601753,175.6070413545493,172.42183274532226,19.87617537383963,38.915649860555625,0.16256540522493154,0.01655508516465031,0.186432131616755,41.06361383418806,R
158.09518721555327,175.13919777152637,177.81228739945482,20.596712254907434,41.549818945777446,0.15837548113222688,0.013846047543619597,0.20569961916298732,42.34384668972444,R
155.13018402395318,175.09659538108014,174.70498227668247,19.513270276104926,34.66426590658405,0.16833802859379185,0.007898227327781358,0.20840664233942335,39.66756861860428,R
157.91662213143707,174.97073352422882,175.8851451578077,21.343886289245624,37.24279507620223,0.1651831849617025,0.005878938915957972,0.19765958546421317,41.93608167348525,R
155.3264453425556,175.28024958538447,173.2647754106102,18.199625645154498,33.52633062238723,0.1699660443971807,0.011533568618507102,0.2114791524321289,39.56144911588442,R
125.2216351455133,36.44374192095919,20.37088857164398,12.075082328604086,16.893074812042048,0.05435252103658173,0.02242210794134341,0.0271595462234715,64.18874745554767,S
125.67805656141262,33.723832891707815,18.41624229178464,11.040006617037395,16.201498297481347,0.05555374666418792,0.022360312908878684,0.0266723515211586,64.60445170092783,S
126.42863886606288,36.4447548140484,21.1849462235181,12.185968955771616,17.378228896619166,0.055888668675582495,0.022697516844796557,0.027229732217700975,66.19949737376601,S
130.4940717574806,33.29166914163801,18.69225017235408,11.813817235682999,17.6514087414681,0.0588975248665736,0.0226114656575666,0.027288302288555565,65.87300794744334,S
126.67357153129618,33.34368861092073,17.918113428353024,11.084400671523948,16.916861306548082,0.05523433002432921,0.021951401093784326,0.027544520095707483,64.9366150804106,S
122.59545203971153,39.249555692350015,24.116458797725905,15.175428203862541,17.670802760609796,0.04888207060292836,0.0200462185877658,0.02571393829732657,64.32880991650305,S
129.7165047973202,42.0944876791729,27.476417629747555,17.01426531293834,16.917173577004295,0.05337447305552823,0.01987861615239449,0.024085640197925532,69.5128132315645,S
126.43339122460029,46.85951885714029,30.893221008093672,16.228441011900408,14.12238582514299,0.05787367325759202,0.019589096847659453,0.02394579861949117,70.32386905982065,S
131.0697767496543,47.14362750285589,32.08647815166745,18.331484077814313,16.249017151982702,0.0575290709346419,0.020404737669397034,0.024686052813707737,68.52978542286685,S
135.55084928705134,43.89795560740264,27.765475540072124,16.789602304127744,16.63840465102647,0.057545887460357346,0.021695121069607356,0.027078445655784374,68.56574794849229,S
135.5352769798115,48.58423312228857,32.262404976831675,18.946087891182046,17.257662980772157,0.05571466245861053,0.02152010526343813,0.026831261841229616,67.72133372063497,S
133.4308445980477,38.35854761738381,23.657757966190466,13.128641911556572,16.354437026412814,0.059246830318688,0.02178694952401359,0.02603704628863666,68.75939314972042,S
126.49208481901873,40.40804071115614,24.882425115250246,12.849486634261577,15.418466958952157,0.056586645676690785,0.02119797109478137,0.025675086294359873,68.76635442482652,S
129.82148323693042,38.43181888317754,22.76230206695107,12.359088310729383,14.68085646630161,0.057792716391446244,0.022429472229905354,0.02692541210840622,67.88329966105574,S
125.85077799326183,37.71449915398764,22.112005188773754,12.58034255045443,14.504668039486743,0.056322101381821796,0.02243270866377622,0.026709523736253644,66.51613667940451,S
133.77618707564005,37.5247664926638,22.035032596201315,12.410817952823683,14.952787670199722,0.05899059400637511,0.0230563397743032,0.02667216343789358,67.92917738419449,S
125.06858107665197,37.452630387382904,21.824066698142126,12.523160557404946,13.950998899764802,0.05617949535614257,0.02217024989671156,0.026376006903941096,69.18365353456264,S
133.13564662646516,38.905746558025726,23.761586566496792,14.424342544554976,15.627326945712618,0.055547173583669354,0.021509620171598402,0.024845058122061,68.1255646680623,S
124.12665379769972,38.63142640293577,23.677490150998064,13.022214953967728,15.102539768293624,0.054060273702208186,0.021440290190953563,0.02625950467920536,67.25252607883499,S
129.534602590167,39.09464373521902,22.662788052236348,13.367452438190634,14.662540449764073,0.05653173593224377,0.022449409310988936,0.02577551598303539,67.97979728028956,S
135.93645583695036,37.72527453212222,22.870701537057396,13.718552648711762,15.130075406163309,0.057391048564792796,0.02137967969230102,0.02645025338078316,68.7473562335051,S
128.4561676865438,37.5085376420853,21.725838259088018,13.211937503662433,15.519671604142006,0.056300064769340706,0.02271848352655513,0.026355656489094808,67.39980462950815,S
131.14006162195705,36.875803800868134,21.32556401193661,12.587314660613053,15.484979561622009,0.05791019474365554,0.022685639952420115,0.027230186379679496,67.38910276614513,S
132.67684726538084,37.26582789782387,21.939000839818696,13.172469065376697,14.343233379913993,0.05762295854011425,0.022184842368774903,0.0260827447717893,68.72034433587969,S
131.03260117069425,39.75701437582543,23.826029642187954,12.77144287397726,15.28162095918451,0.05653636291842781,0.021528817021278672,0.025318987844356492,69.23355603519857,S
133.05624635475115,38.177296526007275,23.408686819352145,13.870914109833905,15.371607541556966,0.05831526767800599,0.02208986666746751,0.026851882764532303,69.07255648108729,S
127.86370322096084,37.900325666532986,22.58558614376363,12.886566690015984,14.55274856087878,0.0568627634818749,0.021452961442591383,0.026378117729819277,68.61416907615451,S
128.7585685914993,36.276877489728825,21.15831436871826,12.44432206364046,14.55918191966877,0.056851091268105655,0.022282668245367586,0.025800142838931856,67.8897966809221,S
139.07637904848585,37.60711289227115,22.821767820500938,13.574036519693474,15.370783783012671,0.05820346755010783,0.020939992397457446,0.025584052514814038,67.51070961320514,S
135.92132236216057,38.859764905185784,23.665698175064616,13.369084266007313,14.527283248217698,0.05692873865789269,0.021102871471382293,0.025525486004480236,68.04800454775129,S
174.92388111645784,48.778245658966945,47.64057947465956,52.902828768060274,38.6919045329636,0.09816119078922822,0.05749553883446382,0.03164791653339222,45.14018726206987,T
175.86380665261203,46.293391324029535,46.69228269370191,49.80955028388176,37.11494358629781,0.10658720301441024,0.051397315067318844,0.031122485813939674,44.53713040736589,T
175.49985232931635,43.75075925183571,43.115901135652926,47.090712945467814,36.28962404371925,0.10136628060305833,0.054030016076366934,0.03109051087801018,45.68705945801827,T
174.16704929945902,47.470704276555004,46.95594147023701,51.306765752273364,37.69040062315505,0.09856192577037629,0.05912486475239284,0.03089597427596733,45.20573370341336,T
174.2044574757309,47.50468580428078,45.503310942454235,50.92272630692108,37.96644174906717,0.10107576253844096,0.05447916989637641,0.03273565230931951,45.689829421932565,T
172.29998603868512,50.144536593114154,50.27930530975472,57.19614032318614,42.658101807529405,0.09707652525886691,0.05983477572382421,0.03251186192200813,46.21668888237339,T
174.7879324262298,46.57994839756277,49.02075058729756,53.561414943272766,40.58609033795284,0.10720122658444237,0.05010711104231913,0.03260894308282998,44.76259454415482,T
173.78328105526097,48.24306146976039,52.256262445596704,55.422315462296275,41.78057824861745,0.10953307967084722,0.051249445661187776,0.030037021915963292,44.74055834628072,T
173.6497556806407,47.25185456535044,51.61299383887512,56.99927653191641,42.26030358431342,0.10790873490155276,0.05159514901620258,0.03195644075395162,45.19160602797043,T
173.71840158074252,47.458169588750366,50.46390914413459,56.86286749242579,42.03266718040809,0.10499347247714158,0.052170035263616826,0.03220645213552926,45.23668236821473,T
172.44916176628814,48.37216236353666,52.39764483704999,59.09416185647356,45.02413237695392,0.10201808672536167,0.059568919303778244,0.031054713952231753,46.14763486919767,T
175.5207876548414,50.92313605674231,49.329015779510804,62.26619011058752,44.024884729761375,0.06148913468267408,0.09745989147200067,0.03252074439740593,45.80531935447009,T
174.36946233537518,43.98239172209857,46.712331982847594,55.89589321040421,41.58999823281166,0.06390109793503651,0.09442458464608716,0.03199264411847765,44.445965732703804,T
173.60133829868113,45.323829453312555,51.52101956172468,69.4334821988468,50.25090752085876,0.06154303983875854,0.09759917629348212,0.03210403420641399,45.226472618442806,T
175.46581679499423,42.53961376236011,50.22684249085666,65.40878575721305,46.78591949373286,0.07778287418570087,0.08078205259204305,0.03281270498639989,45.740421668534275,T
172.1203278832829,46.11150496080317,49.90923016999973,64.79130602113558,50.40373500495027,0.0627287548204603,0.09760744808715738,0.03206434387296921,46.57207768378455,T
174.39046128750903,44.678500045677836,48.792318749631185,62.90693599901675,45.8507833039203,0.06678936384864784,0.09112830792565282,0.032712376517253706,45.9574846217588,T
173.53964179432737,45.75622509906584,56.0378829735144,74.88369945902389,55.603630699806445,0.07225023057441136,0.08334660557188145,0.03234116596558548,47.30288925776719,T
172.2859964671557,45.25363198640363,51.7639564362338,68.33881011869498,50.67534139605512,0.07262588020274566,0.08359925457266036,0.03165178056476938,46.88929457658646,T
171.21324142028536,47.439633455460026,49.77463725640172,64.37664096273379,49.30020123854615,0.06675209614216948,0.09101432263333008,0.03219276833617241,47.62048250982325,T
170.82387777999216,48.049243329087865,48.31036520027422,62.08842423918124,49.252490247388096,0.0627378338741131,0.09424937052135833,0.03185195216424718,47.45010346134346,T
172.4795585899033,44.597156507784135,50.188644316779104,66.38164328335773,48.203183766489396,0.0734331629289239,0.08414907649003335,0.03189354119508059,47.63290186167702,T
171.2557943673948,44.55725455168234,49.639370512429316,64.38196778265375,49.03616635202731,0.07409792253823927,0.0863624088910321,0.03131556993286967,47.881902656305286,T
171.52727513166806,42.26007849431552,44.21656872068114,58.1479289206509,46.27856901478715,0.07040043315194647,0.08595764762851826,0.032900673173805114,48.66549805853977,T
172.42815872527174,43.5733036079524,49.73081220646243,65.90601132741372,49.18282460200779,0.07286305843866663,0.0862982381754908,0.03171405461123642,48.34738322997111,T
172.9548593832104,44.2597175575607,55.059155695322254,73.14856895312272,51.09508585035413,0.07919015183153309,0.08367404171740325,0.030121641550608386,47.556424756336085,T
173.21165095012228,44.363610695430886,51.0205575365577,70.17707788299433,50.5651076434329,0.07479348425588829,0.08302282341398547,0.0327050479840161,47.546628503894524,T
172.16893596809598,42.443178772615624,54.004958378792914,71.74887768766207,52.606239018767845,0.07978117508015249,0.07944344243755094,0.030573173318561596,48.032202804896095,T
170.68148059654308,42.82699857532951,49.16488928358679,65.70203079881823,47.498116299910464,0.07538102351306679,0.08362330652313868,0.031155569244396795,48.44577200090453,T
173.39067177610954,46.28458505326078,55.2689440120653,73.36727114221519,52.04955083035131,0.07608242482476099,0.08335119119754679,0.030680877027106333,47.223128826618705,T
153.34114750929697,176.7304233828498,176.44657059377695,23.077203174969437,51.88280175458434,0.1835444393994955,0.03327745704708572,0.20876176935814458,41.00386892347816,U
154.87385094003253,176.6542705518692,176.4658817811649,23.758014244309027,50.80827519528878,0.18284862272989655,0.0335882758632924,0.2081366841039972,40.85445398938729,U
154.50475834611717,176.51427826944143,176.47568521688072,23.34773339433717,49.704741542277354,0.18248005192223987,0.032799115442306924,0.20653615370684678,40.73443806461568,U
154.38878508938177,176.21782725930953,176.0505123423558,25.188708666792962,50.589476949342554,0.18016295697454912,0.03447539882976757,0.2042763261892757,40.63450859362093,U
153.59189377850313,176.39673708295817,176.25020612151314,24.276410035834516,51.81584126583033,0.18251610237512667,0.033328406314717264,0.20465722816068407,40.690493707992566,U
152.05682280949523,176.49892669089687,176.1996286388769,24.478636626320494,53.13875945084309,0.18283294954611942,0.0338311425863484,0.20484589938538653,41.598090671996694,U
154.033620797171,176.45911553043769,176.2569223205579,23.914147312564662,51.07433954588074,0.18197763275661896,0.034391734190841114,0.20633384549471673,41.39956438598586,U
151.73278432991103,176.67459997140094,176.55156565805552,22.735378643226813,50.71630239686168,0.1821046657755707,0.03277711469214576,0.20559183204870676,41.05326272098134,U
153.60506887887104,176.62496991987743,176.8024012176054,22.55974389561557,49.73681181789049,0.1814815759708361,0.03391545411822075,0.2123822394405712,41.00011295811807,U
152.25266501934826,176.54699905391055,176.59384349462147,23.068595400736406,52.436929370365135,0.18098053926517257,0.033083745987092544,0.21100444487128864,41.069266207774035,U
152.3039054911682,176.69283624188444,176.7324130641821,23.2414774199763,52.73025658655754,0.1815972390868231,0.03347413684319396,0.20907237073244356,41.102106081081395,U
152.37149765504367,176.3855793027396,176.16745139934926,24.387961635520995,53.031029453700704,0.1848922889465441,0.03229445006187609,0.20469617519623018,40.90670439484238,U
151.76298447817072,176.78947325010412,176.49263904169496,25.60103671544138,53.60666966715577,0.18410836564310504,0.03378200190384874,0.208355861884638,40.367974834106285,U
155.76922072322978,177.39931978654678,177.32437164190642,22.008778692843755,50.55985799040221,0.1849568084006759,0.03357096038661458,0.21809334020440885,40.68056554316838,U
152.34880520822398,176.78509048423186,177.14465979133317,22.540403543923745,52.96875358466085,0.1829976437446572,0.03405772662701742,0.2130572562235992,42.579465900165495,U
152.6434247416294,177.98996568119588,177.42755112131275,23.650908602676445,53.75413097256265,0.17978869737935063,0.032711094312763596,0.2141120078931123,41.36180280819859,U
153.69381093729228,177.1630944785296,176.8554627902391,23.654931229097485,48.71556801916698,0.17715767507598587,0.032534847643538325,0.20908301534006088,41.18817190737726,U
156.40042555530945,177.31525126534038,176.924071959804,23.18434542669081,49.41941724360989,0.17512561564496207,0.03194554479780613,0.20818119290753925,41.76897730091412,U
154.64441201118333,176.78564647100598,176.43169430550932,22.693286603884157,45.616178480075995,0.17193957269298876,0.034072473695373785,0.19921210795293132,42.8868215219877,U
154.95332170479796,176.79576869870482,176.91790352601043,21.133564161797437,44.92039394033382,0.17012618203869942,0.03285409621247877,0.20357186074773734,43.95394958111473,U
153.94194300790676,176.6250443903394,176.40355398628142,23.616713878912112,47.97810376185607,0.16791715469666468,0.033580484370074264,0.20321729091793286,42.517698533415356,U
153.15780765982254,176.82277723948894,176.43875115774213,22.65539893502912,47.779337770449196,0.17040318574674543,0.03396793994097694,0.20152865037927084,43.05589752376071,U
153.88416580498867,176.59198253048768,176.22804367194627,23.865920626855857,48.50855870789293,0.16896577591314738,0.03468478817365783,0.20265103267614573,43.34483017800138,U
156.95096290660308,176.23669060841993,176.55333486753426,22.034399729400906,45.18917400429598,0.16919888934274763,0.03516782036795595,0.20568516524627078,43.81486614256206,U
153.37487666589834,176.37631033779124,176.66254644269839,22.05149892097986,46.940823972357364,0.1700631465493373,0.0344066986778095,0.2068012555801528,43.74356912365074,U
156.4835182688876,176.05500510055458,175.8678089176014,22.789658076489886,47.82252796273268,0.1671344812040073,0.035663662741370186,0.19734888483376858,44.944538903197476,U
155.77156683958094,176.53844598710634,177.01395929793946,20.758436486277102,43.20025815310803,0.17087909310806473,0.033504119988714595,0.2059712875575432,43.38785703011374,U
157.96865389186706,176.70686009148923,176.33098386845302,23.333806555092192,49.066356251673895,0.16623320333477495,0.03439272256592393,0.20509444438407873,43.88115027185776,U
159.02822134734592,176.69752846180845,176.52574880458909,22.81110456426025,49.81128378382588,0.16778687358631786,0.0346677866866918,0.20941127326037065,43.80848620625497,U
156.67318175336035,176.15264804004843,175.54693853564098,25.187759307153232,51.73994503913059,0.17205250172506015,0.035157294187060956,0.19666713970913607,43.68544214064025,U
150.30318761526428,175.30288800901505,176.44272703628147,21.40801077656762,40.41277332039668,0.19111171394208956,0.08835515201009451,0.2173492741994439,36.62181713944726,V
144.44600193090437,175.60319962591672,176.7476293331716,20.868610495874773,40.084756049538754,0.1909791280788176,0.08803801873888895,0.22086298510908792,36.88942170923221,V
147.03918973257615,175.01620985033688,176.33967234854126,20.478312114644403,40.816946601328794,0.19353266736233984,0.08624533655019358,0.21842703474590672,36.777441890452636,V
145.88848108491302,175.24924070083966,175.91485749271277,21.86878651638531,43.97527538064446,0.19326897530917034,0.08474152204250147,0.21606202199116345,37.12553972416774,V
146.50156394888978,175.36633121871492,176.60937734632196,20.74945150647476,41.90233281175683,0.19445935936865152,0.08501334098220345,0.2223823094205341,37.29206073366705,V
147.30369262992897,175.35187441269318,175.89906882793133,20.947175866429994,42.19833055473584,0.19376474217984477,0.08555668992152075,0.2166086052325946,37.04628417912057,V
148.98588726638818,175.461870342906,176.36968056858728,22.360395284083737,46.44758246175469,0.19624441933519177,0.08576982410523555,0.21497530202417353,37.16405516894221,V
147.49061146935972,175.98491130968713,177.292577302874,21.37220565256968,44.904121254940456,0.19583669471385598,0.08422649479258569,0.22335500963769211,37.63611291307774,V
147.65785457173,175.53047978076074,176.27632845259612,22.009800773199455,45.248176773158036,0.19728253276682103,0.08346865019585464,0.21608495508983463,37.11650409111746,V
145.5245969082647,175.95090529148442,176.60025880177076,22.000029899009633,45.688536993522575,0.20013911943535748,0.0815332923964588,0.2161876639644279,36.957430916302975,V
145.19586677973925,175.54330204192507,176.33937496460865,21.364922083102122,44.8641714265127,0.19673740458381705,0.08171371075995978,0.21732601194691858,37.96685919260107,V
146.53357628433014,175.56189958452302,176.14694329021003,21.60735029632118,43.1300756829364,0.19616655017923842,0.08104381752806174,0.2166219624485416,37.84356825751173,V
142.61683923521255,175.9887752698546,176.42656617897848,20.895903089838097,48.92088740444883,0.19973645157028283,0.08020591330261787,0.2182244760052748,38.72260400299235,V
142.76323973854403,176.12288739230678,177.35165036923587,19.053643298219452,45.692256972588616,0.1979593115330439,0.08027196561718815,0.22700649996289166,38.83386874837651,V
150.68977254617235,176.1524901015317,177.44075374981946,20.213395181242078,43.40722819576824,0.19029343262790555,0.07959149459590718,0.22081155047762294,38.96412921162145,V
146.25617469891148,176.05587593045266,177.04517955521763,20.183702003214336,41.60169908398558,0.19174004195456276,0.0814515254769198,0.2240177239237824,38.71824546395067,V
149.76948638222257,176.3700338229215,177.31102316024266,20.765479685447062,42.26729668833855,0.18458471391582518,0.07948949356677094,0.21451956029528466,38.71542110307161,V
150.82196342102742,175.5229303918376,177.14872140538415,20.19838043524588,42.64890199378125,0.17890300644285348,0.0767721986781095,0.2090565407713911,40.339237414867,V
150.47761502251632,176.04958055249148,176.2061438761591,21.034329072824505,45.27407497065045,0.1770465010584472,0.07700723376645674,0.2056805896586584,42.06644392431373,V
146.75741746185716,175.87354926177426,175.8647946258211,22.410289034990267,44.120669736292626,0.1796943546425242,0.07782436841307949,0.2042927195001887,41.7547214368933,V
152.27114718274782,175.68604925489518,175.8822134700429,22.5974098175565,47.20705207626186,0.18044206202320578,0.07569142323779568,0.20089044151272456,41.40925775047879,V
151.08821459295555,175.64871404358306,175.39972320048867,22.318063666363102,46.93973731719999,0.18003819560625448,0.07520743822053241,0.20135141356557798,41.54371371425479,V
153.15843187246207,175.95461439791399,176.14106411818958,20.936366150800467,45.232363969671454,0.1782259202728245,0.07551002546832523,0.20542230294870373,42.45032500065297,V
153.07115052129356,175.44422287642524,175.83818822181868,22.176418314127908,47.20454577363373,0.17933590886106118,0.07486687704225596,0.2016054084515689,42.62314047788733,V
150.47768581682936,175.82323634801597,176.30431646736355,20.64832014949578,44.055793485992815,0.17906800377745574,0.07527167257878178,0.21018262822565295,41.94023630887879,V
151.3864208122808,175.41010066248975,174.9587643418406,22.806327648625004,48.976875819109694,0.17717330636158757,0.0724296302671203,0.1966136024413791,43.07356109020378,V
152.79706050534716,175.7500920165614,175.5675917940585,21.49685175682926,49.42589364591904,0.17816383981256828,0.07190159280952826,0.204218191976993,42.77395330317013,V
152.91556494109017,176.4218935493497,175.99480034684717,21.06563456985679,47.4870262550082,0.17934750362293536,0.07130770491714902,0.21170703942600075,42.27441136381673,V
153.3023288479945,176.38885860143256,175.99127759303977,20.224105261211655,46.47540386565929,0.18312923364849923,0.07029586727132929,0.21012847738950063,42.294231011271464,V
153.6903458470056,176.4118541009935,176.79207012936686,19.29760478584586,44.604364141987695,0.17669104035489283,0.06973713069933572,0.210377821679431,42.69403399600962,V
172.4566316197394,174.78168873255152,173.66217019998203,174.90722671647873,40.11576919850153,0.2001462080045696,0.04999977507283045,0.06757665132258701,50.19639912441139,W
172.0409663487127,175.18344644386255,173.91798786173436,174.18749195597425,40.35020570634789,0.20532587115504236,0.046351185188835305,0.06867037764135184,48.678050244821755,W
170.65718507679398,174.83904168440313,174.35916339231295,174.4318946370483,38.862813797158246,0.2015889999903396,0.04593786653730179,0.06996027328875787,49.107074166646385,W
169.70114807100262,174.5732247815933,174.00484673209692,173.5046602736744,43.52717610457069,0.1951734250834304,0.04694568337147826,0.06707855428699873,50.57816526894964,W
169.4730442670445,175.21276979405494,174.27823801879603,174.01923738375362,38.90517677790507,0.1965547297252015,0.04577396314174853,0.06702231968817608,50.423990499288436,W
172.5840582788906,174.72770749270373,173.57189899517948,174.11282330962607,39.782854016600005,0.19251703372396628,0.046694327926263234,0.06837211907520246,51.354978759194005,W
169.38408401972785,175.01411365040664,174.08090711331448,173.74824524670677,37.56145012598125,0.19987352476225312,0.048092869121275826,0.06928650507209169,49.36942412744072,W
168.65400970044914,174.81970020783078,174.2591790437905,174.25442361606355,38.01651329940419,0.2004207393688112,0.04974702464244212,0.06883714153378565,48.917596418261915,W
169.99646947812113,175.14099979195035,174.65075566037459,174.93290174181374,36.861609393741546,0.19799142241365497,0.048996068012610555,0.06968001155244372,50.61970174229175,W
168.66370144381006,175.43816006238518,174.59561076998705,174.49225126004768,40.2749646985614,0.1963088927443768,0.04896983397893364,0.070884600246411,52.177348956775276,W
167.00672103437756,175.23556927659703,174.96353452927025,174.30313105341625,38.316355420032956,0.1963198471892129,0.048799635942860145,0.06996582136774553,51.77180553187446,W
169.1646299683277,175.41892465732096,174.23929778518797,174.17463640018278,38.87687154973834,0.2002135576318801,0.04818307007757261,0.07011303754247743,51.26154932727338,W
168.5792952672486,175.09438188766453,174.46739027544524,174.65383121463753,39.18816253059098,0.19502584766118808,0.047128182411498215,0.06847227845649143,50.63740293689958,W
168.61571054748646,175.26139697470907,174.7497347508528,173.88422272562877,42.16342934659873,0.1930133463609805,0.047367461129696926,0.06863475540878337,51.63610944018786,W
168.9962357145934,175.12646888596365,174.5159461304946,174.1641556297652,38.330930392254224,0.19820139780206972,0.04710043731337491,0.06972780065566594,50.07421296644599,W
167.56565635317094,175.54246328586333,174.44586416147283,174.0080485233074,36.32400901053047,0.19613887979746042,0.047897924445824025,0.06912784148514388,49.9395512688646,W
167.71910863914866,175.44325314942301,174.1390717796639,173.70265627760585,40.32497485440056,0.19524015598602457,0.04626712302645691,0.06712842998897466,50.88710088338535,W
168.41696412702743,175.51000806733035,174.21900116424266,173.96919719218286,40.85666328763565,0.1930899723538479,0.04663308628239458,0.06548616947706813,51.90750887754632,W
166.0836485336676,175.27989277335536,174.17039649102682,172.45909144180385,39.2547506745493,0.19882329223196465,0.04377770818703866,0.0642854333394579,50.147181668555476,W
166.08723179540237,175.20913304331515,174.22321506273764,172.66783297346637,37.49224452931319,0.19696629878572108,0.045351360581066515,0.06370346227798385,49.26874619005763,W
163.61093997253556,175.4532492883746,174.22581422424048,173.609715384905,43.6936150463966,0.20219178977392757,0.045732565935826724,0.06584548151995612,51.21986273079959,W
167.95332232625975,175.6833328253146,174.04359790290383,173.98523530115958,43.22248507274265,0.19846662737041865,0.04662975495857481,0.06634665466592135,50.79396382275022,W
168.54896317717194,175.49307349228283,173.99689603481926,173.83483853124184,38.468009280972375,0.19898915205698817,0.04568388696099654,0.06598061538925004,49.64515923876526,W
165.9154537650649,175.29238681848193,174.28979290739196,173.61915249852342,44.192234487807326,0.19991764380248328,0.04593108136977562,0.06634115896897759,52.111220824423306,W
166.19806410678154,175.34005595792016,174.51507304183676,173.65533149845695,41.13380329165185,0.1959836763063792,0.04757755931228911,0.06773964983102371,51.404824312827046,W
166.41834508074254,175.39096955518997,174.22890610673056,172.93974176561812,43.07659484796998,0.19894573964758686,0.047162995811572204,0.06629962003742797,50.347409632149024,W
166.93690262904886,174.914836110837,174.28566850389439,172.82561458229486,40.42773643300354,0.19868386991439377,0.047125660580462886,0.06569398778574106,51.185129630570025,W
164.5971886302033,175.496319167589,174.30125502272355,173.06140231283288,41.44312441654265,0.20128656329421138,0.048380704670021216,0.06605631687880187,50.91086623436702,W
165.39613817643257,175.44020620313802,174.07274655266656,173.16525982344416,41.207439218194885,0.19950294920681638,0.04806080380528906,0.0657555168721752,51.39995403325959,W
166.1241436108679,175.4851436685194,174.27648785456452,173.24326060392033,45.48268568664494,0.19838286411157183,0.048257346190772404,0.06399640328433945,52.23002234558383,W
154.0603494422697,81.07916472193251,42.47171914622739,85.76736082350332,113.12409874997877,0.06994261511072408,0.08849755040427733,0.04362886160599003,48.098332919490474,X
153.00852664388754,68.81633307340188,48.6379461763315,89.53650364778815,117.04455271652574,0.07014680233124905,0.10061974399496033,0.036648518618752915,46.82708312463373,X
148.08891873694455,68.2383835370321,58.39322921559835,92.65490283825555,117.08684560002396,0.06685312783912545,0.10238717196043505,0.03480169333350096,46.79273192447242,X
148.6905362022862,64.34203127672286,54.5469993104142,96.9163342738835,118.68567333801201,0.06805316317980789,0.09838639201329788,0.04034807654402655,48.6706355357657,X
147.74745321095807,87.47213714556835,57.4552906808259,102.70809236260015,127.74628535549753,0.07354216616825524,0.10011651750670017,0.04004751151647187,50.76398870397755,X
152.08107097228236,80.71248981466367,49.17655539100181,90.36446931199012,118.07790130572316,0.06214926196826726,0.09445522146439428,0.03928726810929711,50.53246220382469,X
155.91982429587628,101.32009511487205,42.034950975174205,76.6520922744016,99.24397443223859,0.06324762492663968,0.10495195186891695,0.032619133334884746,48.648440572861816,X
151.49738911557995,81.99626924075676,52.153055373085756,87.13409083199151,113.37875788727885,0.05988990485147224,0.09743848248526531,0.03527063345921723,48.95223215726847,X
147.86434879722407,76.25382134601783,34.559758201700504,56.41945823,69.09886823192191,0.05377218611738817,0.10188339718212246,0.033442195626218585,46.2899017600249,X
151.55949900437062,68.89882636899962,43.68882991078038,74.54849282021347,95.2069644407946,0.0527177548819317,0.09692206367086267,0.03548927219291689,48.31409477327504,X
153.38377373366114,111.52182572634145,33.867449675142815,60.9821671121097,82.89057464772601,0.052823260074065244,0.1006151887759399,0.03444440869294733,47.60834410288281,X
155.99357741035573,100.01139219954177,37.07717554886765,60.009141793497065,71.05340590513892,0.05269669713275819,0.0932594875948506,0.039951424911171665,47.463974008655164,X
157.21036073603972,90.13190730882195,37.40483503001528,62.81773932240269,75.52260722135861,0.05613318020877359,0.09074863567279096,0.04148225298875286,47.70146505620182,X
158.8957112396434,121.001077787369,37.06387232346184,68.27253363884341,92.76890786178598,0.053357726343916216,0.09473493211147854,0.039514684286193084,49.082755107487266,X
157.67362899768756,76.8107688275819,40.56285399615149,75.386580664557,101.64051757417317,0.05362239904752813,0.09132637621642425,0.03918876293335414,47.88168022247958,X
157.0256478674138,75.37823237925852,36.56864853290699,67.72717567611495,89.76293651906457,0.051836249502459054,0.09584174140615062,0.03624739544386273,48.05459549962023,X
155.67104850286984,82.38410543376567,42.89938150691953,80.02657778502618,107.53809822017935,0.05376930303098597,0.09340066737528488,0.03959172710261765,48.915807706702324,X
150.63404657584488,83.27698438358512,49.508677260503475,96.11295051643897,122.52204881895061,0.06022179257593434,0.09262140930164241,0.04281903102459729,50.43540260991205,X
155.0465584543748,90.3704972944848,44.81221172370283,83.34996108830752,109.63421680427167,0.056851231918755234,0.09662284977860917,0.03901578867756087,49.069489037868905,X
153.67183373260212,79.54097955511327,41.78442979756188,79.53057440051975,99.92806189328145,0.05316121617673169,0.08969398603221249,0.04327112929151599,50.01397544408121,X
153.27548821910537,69.71283741550967,40.453820236614355,73.63205304585438,99.55338759937847,0.05253419052566145,0.09230756288286665,0.03780271370683929,48.18497658431853,X
156.68639700917856,81.72927735211832,43.111501179834065,79.13502984412409,105.907810505302,0.05558357523496431,0.09410611451887577,0.03852502714623017,48.515630433135996,X
153.5736802841613,101.40183574625506,45.321935084368405,83.94537632089687,111.85799739933158,0.058034445892601476,0.0959147575445318,0.03841036916407048,48.896443193461835,X
154.56955800263293,79.02339768548386,42.36044352818009,83.86140085871682,108.86555840027367,0.05844590927399573,0.09341566805602998,0.04079715411083796,49.34722278353998,X
153.7316748796401,93.36263981423032,41.583983461403164,73.29322417912407,94.29013159879655,0.057431059473537854,0.09409953869701765,0.0413263152448913,47.26858419654541,X
154.5294884066008,61.312240756120254,43.99599706212256,74.782182390551,93.4130114999047,0.05137004161288179,0.09533187050492607,0.03426926003360499,47.620711263580134,X
158.54633484871297,84.47609984811075,36.900495248782924,63.388176055744886,81.72792523707218,0.04903809668539505,0.10001323926666997,0.03334442404669818,48.46182417814455,X
152.74372511340553,114.10961763819027,40.238364035331536,74.64997618355373,94.2881943216913,0.06113083909898173,0.09872893771589093,0.03932334764869495,48.58351375134361,X
152.46841514696567,45.00150993545537,38.97592012331262,73.25239292185822,102.66749044863558,0.044339257659668875,0.09078815715997764,0.032595697606475196,47.98305279183738,X
148.89718184131567,47.70370765552928,38.86167718657222,72.17567216874572,97.49336027508913,0.046720813482187984,0.09218043023798835,0.03290941961070209,47.521551487306745,X
158.4244644365666,28.59360422804328,33.53258449797191,20.62458378204175,166.48786488895828,0.10638522840329333,0.030970356761408475,0.04104445288447954,51.91598488600461,Y
157.4600239465233,27.406893046015973,32.44187386052783,20.31956663865071,166.65537952622813,0.1070128345599048,0.03291700763712234,0.041782978618952846,51.84915689215339,Y
158.79183384408105,27.904234443225516,32.87286714658536,20.18231631965274,166.61762863797153,0.1077727981489268,0.03296910478160475,0.04271891168220068,52.447187436944105,Y
158.25915723094596,28.046707083380408,32.55267674146606,20.93985815377462,167.0047797966175,0.10808908295386106,0.0320870429630069,0.041580030456132226,51.1131577474769,Y
159.38328706427953,27.77706742688075,32.84967405683751,20.76521216133736,165.76149761047296,0.1077594773477285,0.03349000308587751,0.040546898932637895,51.314634819086564,Y
159.2586576471364,28.444213008382558,32.414711690367234,20.69292788087069,166.73922860008196,0.10708009747497269,0.032196122309615466,0.03968451460222136,51.209517675318004,Y
158.7746571035628,27.361620397875146,32.149807568460425,20.62622883728514,166.38360356210535,0.10612759548672876,0.03184255788501925,0.042243667260342746,50.73665573419495,Y
158.97135664825944,28.509797721085516,33.24340997364075,20.82009353971014,165.44249348279808,0.10916758859717678,0.031432255751413334,0.0401551494305026,51.5619304285487,Y
159.05796619509152,28.532177262747783,32.81264486943372,19.973174120141348,165.90204446168363,0.10907287828167568,0.0318672445068283,0.0408549437490972,51.62055263592442,Y
158.97384072469634,28.484938237671642,32.57627338562068,20.51502380382453,165.59086264726085,0.10888691832939792,0.031231858235202043,0.04072197932161008,51.45610749257662,Y
158.88606739804936,27.513060443460862,31.675156258039728,20.709421886091096,165.860821910584,0.10826896840012314,0.03254439310790044,0.04234781556635229,50.96113494234484,Y
159.86781746171334,27.5651425895016,32.38334013379699,20.734232584982742,165.6445736647774,0.10768696874111953,0.03158683425251301,0.03970010919155362,52.27376065872615,Y
160.3263526390388,28.778925230651055,33.01274920699852,20.02529867576525,164.68446795469356,0.10897756873356526,0.03028521206542223,0.03892849044866208,51.15561631385146,Y
162.36087707075745,27.741352314123308,34.24611041832349,20.261041571980698,162.777831820846,0.10733516794398235,0.0323809982078984,0.03779207005019965,50.77048404363739,Y
162.6082835384872,27.02703576676024,32.38683720383802,19.494910496871867,161.38255934426974,0.10618118996278177,0.02984146245597793,0.03499780857615911,50.59616693963483,Y
160.77296019018232,26.230038773428397,31.61833149038371,19.117053479078745,161.52085797834596,0.10520914058315804,0.030575806542327777,0.03487802557210629,50.97099313470093,Y
160.1497701111026,25.45144182418634,30.301229857537372,18.277827678320907,161.26177916584547,0.10418426439473243,0.030664271114485175,0.03377985832077916,51.05363348140029,Y
161.03140312312408,26.09982780043627,30.712879863559483,18.92475258663386,161.90303134947376,0.10513912032049426,0.029279708741102476,0.03710192859824528,51.844632381778354,Y
159.3818149485268,26.72012018949421,32.129602235553996,19.63208027702811,161.2159205491388,0.10539742370388712,0.03160112381259476,0.03765482285304807,51.88881007362541,Y
160.08266718658635,26.447509477203013,31.32469200614579,18.787133543529844,160.70671569253767,0.10585798219134927,0.028693597013584135,0.03651166964508814,51.40266085998583,Y
162.6759082540931,27.0775984831869,32.95396293570253,19.920359733875937,162.13663028660997,0.10492765595828554,0.031812959889998695,0.04042741466407431,52.28719237990877,Y
162.5398764091922,26.61439835537223,32.30152286966649,19.634623671434557,162.33335336714572,0.10744331505299727,0.027866415040794495,0.036676863116396195,50.81493303932466,Y
161.2536664424678,26.766841904478692,31.901049459791132,19.430655452361055,161.69986366324136,0.10611355903498906,0.029119200575570613,0.03476121989591203,51.379275394693146,Y
160.95835792585945,27.111350572944673,32.49267096272868,19.990686092085532,162.73572414544446,0.10575945766197183,0.03130625009570266,0.03675368623838278,52.27691584651356,Y
161.6852331339037,27.010625548307768,32.573903232537035,19.550015021375984,164.00500241605533,0.10420945793122129,0.032200025480205424,0.03730912011470911,52.05322716895782,Y
161.6795396600915,28.221987846615423,34.125714195367706,19.943987083735845,166.2076251897421,0.10694442138819019,0.03182226706224847,0.0386729576062719,51.68129284720544,Y
160.4433123502423,27.66031654277908,32.367553006215125,20.139838412193313,166.87583597086743,0.10562392915377819,0.032868710578818704,0.04070383842960985,51.870081515663195,Y
160.52244138082298,27.507731114333524,33.65873196952434,20.38052371234233,166.34115372750279,0.1041012978041966,0.034166928868151814,0.03925621409194082,53.03906181552484,Y
161.73230835262885,26.591332938598782,32.2017735660697,19.690174571507203,166.02451164785123,0.10424035899020784,0.03066566153214171,0.03794748790587488,51.96741142156965,Y
163.34387649434507,27.033154488816734,32.23607357395074,19.939252801111337,166.1903249586722,0.10463505314385856,0.03346479988194253,0.04097797852415708,52.55557953700044,Y
175.55762001983288,175.32749077673657,111.97133830010249,104.23746002405468,105.20772356593729,0.1723662868962646,0.14107200175683485,0.01498135514648728,52.83601974075289,Z
175.34823543248322,175.48614217855922,114.04078089801155,109.96904028577849,116.92646139295113,0.1703843618202932,0.14075031550138814,0.013860394993516231,53.499027598662956,Z
174.5600083318238,176.90066883266132,111.16063356433362,102.62097239007124,103.1263241061383,0.16816113645104053,0.13756409385175444,0.01448387366473058,52.00249519154243,Z
174.93402471217377,177.50686918316813,111.88050443780497,104.19975601268628,111.60661063932345,0.16367146846422678,0.13364363373864538,0.015042897642226943,52.53571803891189,Z
175.99460347561404,177.14634569018443,112.12126145320654,107.84247466160478,112.10071878698572,0.1606350788289837,0.13238347039847684,0.01829904534760843,52.65392889745784,Z
175.41068671134735,176.4317460118434,112.61331270255195,111.91865469611417,112.75040146889954,0.1642080424437601,0.13373356392413896,0.016255735019121538,50.74069293658659,Z
175.3324458981206,178.9226629535031,113.54638563538522,110.54706510334246,112.9476017905382,0.16534568852840645,0.13728723776038215,0.016647469313140647,50.85346027127748,Z
175.08179989804913,178.1876850139307,115.02200093167883,107.2094838474752,114.21508830468373,0.1645475845759179,0.1349337537353454,0.0150004008150025,51.960424536353074,Z
175.9284563522925,177.171977564597,112.4435787816361,112.4674249337805,112.13012554971431,0.1660892524316676,0.1365112050880223,0.01753389508578913,49.899840092905464,Z
175.78634950272726,177.23870371879593,116.96377110126238,114.0253245360918,118.25539213059858,0.16843587485098002,0.13613144338980548,0.015787166244593236,52.2249087273267,Z
175.57410013979634,177.75153665093492,111.83940027967532,107.28958576678042,109.1177172793708,0.16672347424491576,0.1353903205523006,0.016031412324364582,51.1559776176509,Z
175.98783623569048,177.46297765270123,109.08902070060421,105.44833128999184,108.39866267669439,0.16583080104151057,0.13251962455036487,0.018393355223546338,51.49964725447745,Z
175.80510333182048,176.31901476594848,118.32323680722394,117.38691407215626,121.12855885020979,0.163691669182755,0.13475824938837153,0.01607514396891532,51.79591331692127,Z
175.64638859974545,176.26595613474038,115.16403332785377,110.71269947387204,112.29501502335005,0.16273910875521794,0.13376342584897588,0.01743656034537857,50.845764473509384,Z
176.1450816010502,177.97565280742535,109.73270667565012,102.35730751183821,101.34921720221513,0.16449162800684392,0.13195625853366194,0.017701859334059357,49.608839389628514,Z
176.0851546478135,177.49644370279034,116.35157567147296,115.37827479734477,118.66049219396858,0.16043594285895682,0.13134463422799658,0.018371087313355124,50.228688556348864,Z
175.71268232568764,179.12936152992125,110.90320336669892,104.28848353430888,107.51673994258041,0.16267290353052655,0.12978290208321572,0.017272569245035736,50.463365135312245,Z
175.7276404640033,179.39868872927352,111.74658034333186,104.73087104758045,109.79414305864165,0.16039159658751406,0.12977266878161084,0.01671067930852217,50.16978642254929,Z
176.08371264942787,178.1143051113757,113.46202140403128,112.43588842848743,115.92844303210444,0.161533654860871,0.1315971349980411,0.017886870227868237,50.49768818085093,Z
176.2393075801734,175.73865336438212,117.38929866099816,119.2031077020927,121.3972923288799,0.15928850579769405,0.13122021719938906,0.01775820692855369,50.95366219623605,Z
175.95498393984,175.7127971400059,114.65648586192003,115.12314694616649,117.09798418445399,0.15812405547183128,0.12756311889476274,0.018114716239270443,50.16209656468969,Z
175.16227370173098,176.2012759350295,108.04990012533547,106.65463390863897,112.14062332432063,0.1578434261720104,0.1262789616042834,0.018176099484367065,51.192381495637456,Z
175.72563506771402,175.569611950479,113.86992226833941,111.80827872587878,115.86105608901632,0.15609344533110053,0.13047384673017423,0.01679804279977389,50.78987069934151,Z
175.59298895901466,176.90095984469582,111.91745987077806,113.22635062162605,121.40987182592934,0.15817427036876744,0.12929225042609005,0.01635582244875743,50.62263777650651,Z
175.12064282627853,176.6285267842461,102.31976638713188,93.35486560966442,98.61056758785219,0.15708893648351938,0.1267105593757742,0.015787699381495584,49.52639348449894,Z
175.48091731034958,174.98582419931293,113.25867862591072,112.27039055949166,123.0077187343244,0.1575632493753999,0.1282844481188972,0.014755033140712545,52.16948681883451,Z
176.43306620628803,177.3263612611107,114.01177094051306,114.42270720917217,117.71795640920662,0.15996164205170646,0.1287623013927652,0.01809421139413602,51.224358584040736,Z
174.90061521573608,178.01419786906322,109.07659623337376,102.94857409625999,109.28945303549587,0.1633125125946617,0.13222236178173488,0.01533104905232839,52.51757127674682,Z
176.10614982872895,176.44198815449516,109.78518482952683,106.19002735482607,104.25638039319409,0.16451821550268525,0.1316169660391342,0.018822714096929226,51.96941071836488,Z
175.8214704006792,177.63939424601105,115.1759420771128,114.57827112437839,116.30533296179995,0.16387138224741787,0.1335689120507101,0.01887917620036259,51.82728088743826,Z
174.70005239822163,172.67904401999536,110.50357266707381,96.66414132175935,135.0432685338293,0.1143532056149609,0.019487054107528323,0.023718828612054092,46.265866105648875,DELETE
174.7526003230429,167.9590392916605,121.82246657049807,101.35830599555308,134.0014199989846,0.11229349374807811,0.021492938257587232,0.022568618415603075,47.043101743437965,DELETE
175.4769564271551,176.5308913135715,149.2784934700262,120.7696449939266,138.61473889159086,0.11747678908659794,0.021120959385408804,0.021823632541222656,47.36979638613033,DELETE
174.48039190593371,166.95773513609717,110.07555348926489,90.88680779023315,128.49929091037802,0.11288958413461278,0.02064454689344858,0.023060845823904375,46.826091740026385,DELETE
174.771554696776,167.90853198534728,107.93009231508138,90.11756565204695,123.5666409600593,0.11267391125685754,0.021242997064337243,0.02266897650666398,47.15879367722265,DELETE
174.52433982903378,172.61469166288927,125.56946438215341,107.02140200118994,135.14843825148296,0.11396733142703037,0.021093138309671786,0.022131140687947595,48.33860866326685,DELETE
174.63374144700802,159.29005176347243,100.79424433453758,89.26582516539256,130.58169025269356,0.11307600796043825,0.02126729142749457,0.022542764821501384,47.43384452711646,DELETE
174.03281406060543,159.79374463727964,90.37367457634792,81.5046833570713,124.54997445725566,0.11223444286518271,0.02089386581450321,0.022459036207533634,47.10956646525611,DELETE
174.90759738883727,168.06455189234097,115.70059381763166,96.07189428926176,133.28384792379632,0.11419498747666014,0.02213939660301127,0.023014564025243107,48.58124952870224,DELETE
173.93802484422048,163.34546854164515,103.351615306636,94.74980249045383,128.6694768771155,0.10692198339230473,0.02066622169751945,0.022894853845601592,48.0781989542357,DELETE
174.34565614382342,165.02093624512833,123.18120330051114,108.83457703023477,130.0906225995648,0.09017251202605384,0.022449028302335423,0.022686424082549006,51.40442721541727,DELETE
175.53707483589255,155.21349179883177,121.60994043914013,114.28406683248177,136.1399074403694,0.09451301294869106,0.022891459221324125,0.022783776408837678,51.454054412857786,DELETE
175.2677168030243,156.43399723605808,115.27378225820763,112.21674583979156,138.48260218340036,0.09376369456809654,0.021950640825447076,0.023493755746423345,52.159180699733106,DELETE
175.30831217916295,149.59022235751956,111.70737424228794,106.39652872184091,136.7023113922239,0.09349447397635621,0.02325181023129472,0.02291648214515299,51.06416110701535,DELETE
175.29206905165822,156.65663757498527,118.09447256096192,112.23531180859605,137.411449432735,0.09293983514627174,0.023076875486468865,0.02386253578502964,49.90804364915814,DELETE
174.77237742184116,145.17710957344775,88.30348425995653,90.74634102635895,132.56310061409278,0.09536836583829933,0.021267839274974477,0.022897151737107074,51.63797680426605,DELETE
173.83662829703442,160.50502523217187,118.19283660215454,111.99732252339234,136.53051261364834,0.09405716244402415,0.021249062285715787,0.022300474477943713,49.99319962297129,DELETE
174.74423439147375,160.84008174234864,117.17565619878484,111.20665519787693,135.2927215738967,0.09406217964147935,0.020600125279947874,0.02243196406791793,50.02599808281648,DELETE
173.46829730631472,159.08045991935026,109.36632310047443,99.85651319478856,131.6768801175815,0.09303048582514893,0.020012095373285924,0.02261894952044971,50.28438722946629,DELETE
173.56309159601744,161.72560238958778,135.65687899162802,120.20564528751216,135.03606528101264,0.0920396568864006,0.022801926067481035,0.021399044590199135,53.150780746725594,DELETE
173.6143622333251,157.11434972459415,113.34215269863758,101.65408071334966,128.66522922527696,0.09266219536224726,0.021236578783534393,0.022827314380723624,50.99675477953172,DELETE
172.93793203848136,158.40494948246354,123.7544687761741,113.67668586843483,134.51210964865314,0.08984513819806667,0.022278732623277085,0.02197017700733208,52.168112336222315,DELETE
171.60365557624834,155.6432403525473,110.63502240614422,100.09141596317423,127.54041129534822,0.08959183155559161,0.021551736952336333,0.02212658532186688,52.68753485254579,DELETE
174.5616333554348,154.2589981991763,88.9028325486053,88.50278024456728,134.19980230802588,0.09489156011816417,0.02059022599529833,0.022160783039886965,51.46636400941154,DELETE
174.52068482558334,173.73944961683873,101.61391228881868,87.14339007866096,140.47765116320323,0.09908038057282663,0.01951553817963604,0.022395892296449567,51.34074568123107,DELETE
172.86477789223218,160.4864560254844,63.57293489980852,71.71574047515095,136.2755469002429,0.09729992166146295,0.017062948753183413,0.02578477178349461,47.61215482592019,DELETE
172.7301970970225,156.86377371798477,72.97715531791714,73.99948219223366,131.0613714922755,0.0931072391328212,0.020447632621926056,0.025582501394497626,47.739862721560016,DELETE
174.0003992827042,161.20414074067267,101.91717277167105,95.86884531667435,141.05397471014533,0.09805525932301136,0.020723848512188527,0.026865217514094156,49.28436383607093,DELETE
173.171949901904,140.03678451734626,48.806308212599795,65.3333413548716,131.78497802580304,0.09545391663156778,0.02268700939809716,0.029759287388859832,45.768008965457334,DELETE
174.43708408297164,150.74731574665765,82.75643783616609,77.52626207389046,128.19395807892698,0.09406697533599041,0.0212179840991509,0.024355427532940215,47.142806044709204,DELETE
170.9292990500691,172.2444478089797,25.218844116329997,23.537416235748793,28.549510228495794,0.1261314303653627,0.1689050283803321,0.032091306185215565,40.61013251317176,SPACE
172.3492757726387,173.32995077785853,24.263042772156687,21.87799526979421,25.613382369305217,0.10538360197789165,0.15993917651473447,0.03052860531883244,40.34558775705107,SPACE
169.49707575559162,170.98008055032582,22.891885670409895,19.97079960682828,25.232445053308048,0.10917545781336635,0.15302795298926936,0.02505840116287446,42.161030628397555,SPACE
169.777006429595,171.56312004762836,24.006104611796502,22.259184440891797,26.52849684977811,0.11198844803503699,0.1605793968125931,0.024311878699103718,42.55833450530884,SPACE
171.91863440732584,171.2574857506049,24.08887034791741,21.91383219704374,26.20336678444069,0.11403470353009966,0.16390166856750815,0.029300623567839836,40.88292033657097,SPACE
171.1200620361779,170.9141794036218,24.169577505762252,23.569471752071426,27.8411442904189,0.11661547432311158,0.16451703387414984,0.031675220824885046,40.85779965637578,SPACE
171.04763297266248,170.57946045620173,24.598789214006217,23.59034583974121,28.60345254288866,0.11654383645482656,0.16649498510644573,0.03223337700294627,40.53833844801638,SPACE
170.07830689384937,170.5959222788236,25.10565918380448,23.998961948745745,29.013470338403064,0.11524691688191488,0.16569077682477662,0.03262718701171237,40.5811355892727,SPACE
170.72943092171974,170.64933309493543,25.501511380321997,24.746475300116145,29.218263212653156,0.11664245385792275,0.16752696928045296,0.033113554914332495,40.06894088820159,SPACE
169.6866620753296,170.99983554024007,24.713563849472994,23.532322338756952,28.199297027458687,0.1175721915164698,0.1700445532885825,0.033206653991043,39.69638853137224,SPACE
170.4966516534896,170.36954521175895,23.89299473368298,23.960261152147254,28.34778946908784,0.11818133674157429,0.17117743154232223,0.03416646188370766,39.28955002372723,SPACE
169.7993746328827,170.16822534013187,23.756061398974527,23.3116483472102,28.093530560440023,0.11756611169373388,0.17342170358889744,0.03445450640494997,39.60574282874491,SPACE
171.23594371475056,169.7362394892352,24.262295777767704,23.506165008604057,28.524291184141227,0.11786872188233041,0.17221061696633103,0.03584479915689951,39.369400087954624,SPACE
170.7217076852298,169.3096907617537,24.68207804176118,23.361153891246946,28.038975576330557,0.11688980667909651,0.17447632934873264,0.036040084954176224,38.93850544594608,SPACE
172.04516548688503,169.3143988512073,25.392170716869796,23.44593101022102,27.884611356395244,0.11504074470281683,0.1745139234677984,0.03531451885803436,38.14100952881937,SPACE
170.95526160966713,169.79842818952048,25.23522373938408,23.891381244396182,28.26672529301709,0.11543875282125246,0.17524442790467,0.03475726487878928,38.30196570113591,SPACE
172.4770954612573,169.77086033279366,25.117369669858515,23.355983917180513,27.734814822759496,0.11765878069577382,0.17718550924433896,0.035433780507744456,39.75067499296616,SPACE
171.9115701776232,169.2038810800177,24.852995675285662,23.43466273826848,28.896124088384173,0.1199950975961311,0.1754331239433902,0.03537476933152158,38.44555259659527,SPACE
172.2022656412845,169.0215048200359,25.67898977395664,23.868900483775477,28.921622905148123,0.11861079060636075,0.17738265884213777,0.0356272788930841,38.8543151869069,SPACE
172.32172658085182,168.9714172611641,26.197495379269913,24.255338501177746,29.15499064997101,0.11842251862891792,0.17624153423364364,0.035665890399215194,38.53193767998464,SPACE
172.54497287984145,168.44915229648237,25.7182160166582,24.154278498500467,29.108470772283436,0.1178743865262369,0.177325955248341,0.03607740731007464,38.91082451644046,SPACE
173.6489313795516,168.83982794617754,25.08853004936698,24.284724396514818,29.140634833161542,0.1187154758013915,0.17642146571324044,0.03595954858759312,38.94924023582185,SPACE
173.44100405827845,169.3883220276534,25.430225378034773,24.084043674124192,28.801044608656117,0.11806973138531236,0.1790763715693121,0.03518027144863858,39.227118939517936,SPACE
173.58154814356052,167.73277353337747,25.363177567785517,23.692885411879633,28.431074176553096,0.11511458782585718,0.17793788696027074,0.03647892867075191,39.07080976596356,SPACE
173.68327571161598,169.03355711690014,24.790019159188766,23.64007723093916,28.761849328667523,0.11562249506074378,0.17757122372385525,0.03621799628175819,38.76179921330252,SPACE
173.81338918751482,169.74524403357677,25.451993450854015,23.384469003697777,28.342575950021796,0.11927108976195477,0.18402947626878055,0.035756425021511024,39.38653205818671,SPACE
174.5278654966511,167.41872390324193,26.946932895249624,25.760028026812677,32.925976687844646,0.12351430391448162,0.18141539294990844,0.033676046012025784,40.6256529490997,SPACE
173.52806025430064,167.52327090580718,34.947120844385104,35.096965015115025,39.698558000554186,0.12824404167109024,0.18134267726557662,0.03161203512977347,40.22885536424026,SPACE
174.6009484872003,167.00085060643985,32.62887012256032,33.23730921306708,38.98177523013177,0.12734349865064243,0.18090538176475957,0.0321386237045325,40.74023263194148,SPACE
174.09396222007913,167.2523174570385,31.59630200371595,31.82276979129204,38.783453245523916,0.12753554027820146,0.18058771757948833,0.031779355146342524,40.84994637851763,SPACE
175.0865652544567,39.115439833106414,38.43512078794068,31.32412025792121,23.839449549907464,0.1343617787456816,0.02255384542049449,0.02264730061277646,59.25600362570168,A
176.54740627332538,37.07074965230521,36.12696631411366,28.55964847517327,22.31747499742521,0.13370351529423316,0.023018323406345208,0.023498099058255176,59.693895476918804,A
174.02133455073616,39.64804838658473,38.458424503965716,32.731301965139664,24.542869240172664,0.13426807770523638,0.023031154631534063,0.022228568575418668,58.98863577713268,A
173.05146019739507,41.1164250974092,39.77382401397513,34.068613124605896,24.87379972133008,0.1361256052277136,0.021826721661837037,0.0232810691671838,57.250197536303745,A
174.2490821022376,40.09958478896395,39.28638954179878,31.396719942201308,23.94685068706442,0.13764486107751678,0.022459875539015923,0.023499399762296858,58.17208301874184,A
172.2640301905161,42.21655127845363,40.80262924415895,33.122673063821665,25.70402922359334,0.1380824639194254,0.022581861495701735,0.023042321243568527,57.611439636467296,A
172.0845357405057,40.13237674857218,39.65175416987121,32.228546244305264,25.23993339241999,0.13649660254220142,0.024857846070370455,0.022452352279189736,57.91848259943691,A
172.62096180439252,39.00230464719101,38.17622940072513,31.3868446952468,24.534173880073144,0.13752292216677656,0.0237506990771898,0.02353189487108088,58.1902053800033,A
172.36624520123488,38.701892266340366,38.34459898297185,33.078159959666564,25.287515344710958,0.13676885931961397,0.024727153265550812,0.022978081754835972,58.32137118350443,A
171.3690510178579,39.47547297745571,37.9164388567423,31.76864941756862,23.886933488598626,0.13593869038053719,0.023259270391117325,0.023934048741701238,57.583099289279815,A
163.72874263339716,36.99324402398434,31.906919358631825,23.57173300289645,12.438505312809054,0.18630575701749702,0.0366829317448373,0.036152361590668106,60.51222867122226,A
164.16739332699532,37.11064686785946,31.649013769916554,22.936248800076466,12.52460279994005,0.1885179157916298,0.03790466638168562,0.03545878678613184,59.86925156349323,A
167.39530224783562,37.93033103467428,33.06802764644325,24.328974028444303,14.311124067058103,0.189165291082832,0.03486831947950248,0.03604032663093062,60.6841206419099,A
164.6132679472415,37.3519070085563,31.67369002353826,23.18796761825649,12.209069691947464,0.18681458703200143,0.036462135167548745,0.035441339557993966,61.172351131233256,A
165.44373708038208,36.98933699849712,30.957630218516645,22.052334278675986,10.816929332864518,0.18546527777061667,0.03940078066289893,0.034453566871831945,60.87740440766544,A
166.85314806438655,36.96870099004021,31.31879361018237,23.48057963542045,11.04672750078821,0.18439285225470392,0.03791928439725776,0.03592723235472545,62.321728863089625,A
167.094823308797,38.086969557135276,32.31661733643044,23.803942050683716,12.719859117634531,0.18530525696549383,0.03825218718557596,0.03508791981851587,61.85015723208972,A
166.6644798189347,37.175020237890244,31.752881003799384,23.531618038116555,10.454302093588947,0.1841610596538932,0.036972104681402614,0.03581974821198518,62.39085090616289,A
166.58637487540392,38.41455019291347,32.13883519870208,23.514941374950975,11.715920133233906,0.1856715082876484,0.03648176551961412,0.034659759833304514,61.630995552551404,A
165.9873859767981,38.24695082947559,31.99444020206564,23.51261751950147,12.35245922821646,0.1851649031519299,0.03652789008081254,0.034457596076914024,61.59611012180309,A
176.84603612974647,35.6720639182998,31.012613701527187,25.37153422795301,10.794806734990265,0.12780373276714915,0.023489297587134923,0.026705741802805247,54.33295924265839,A
176.54887702693938,37.206550347898045,32.230526999508555,25.051745270668256,12.10319197593337,0.12428842097626192,0.023003637493768856,0.02941704334655302,55.710732559588834,A
177.25746911781755,34.75922239356785,29.761202583436205,24.34371557325368,10.094396822907479,0.12317863466811171,0.025239277764614015,0.02789373745655677,55.47148236718925,A
177.17163359238592,36.55146477185313,30.83453820268153,24.923289788231216,11.555418196503924,0.1268065429767546,0.023550351804537968,0.028031778114772053,55.42203295485791,A
176.8054025629169,37.36488318710537,32.801421326969304,26.122728623037986,12.788049093169771,0.12469914019402767,0.02502220509810659,0.028484402104103395,56.89015301133592,A
177.05266343363098,35.153710248593754,31.141100425913677,25.072984386934074,11.66980271220639,0.12628041166159482,0.024627521176814646,0.027575609238741812,56.07054989613027,A
177.20608306777368,37.69239751113251,32.32878947997308,25.395283619669968,13.472230861476943,0.13051878053716984,0.02454596898377916,0.026619426487321754,55.957998134863985,A
177.4756227049594,37.65925397995934,31.919615157579415,26.093665598647426,11.871239628107553,0.13047223693157028,0.02383878811998743,0.02713558962659879,54.79680599498937,A
177.0487422862653,36.73421018813275,31.536291929751005,25.62511092811568,13.424216884037802,0.12816752316699892,0.023175521596317455,0.02901200206023835,55.54260176747473,A
176.71442586472293,35.30894304830196,30.672350971856762,24.654247038947993,11.352158015400583,0.12576530890358914,0.02320773405776499,0.027786944519057256,55.06367994623268,A
145.44030374865932,177.56924001439072,26.971705585301923,31.778297416738287,33.53969717904192,0.21486577667298556,0.23094277528913162,0.045046651068006635,36.331426078902574,1
169.3363251244166,177.4219776966356,23.510146893620384,24.404182963259924,24.30138334376785,0.1440503603951125,0.174284387926074,0.04523604036766159,36.523186144394934,1
157.8037910736861,179.18470611999604,20.50652832883641,17.32426942790117,17.223992343826794,0.1652529363295198,0.18675401432356253,0.03513988835526365,34.211514772765746,1
136.3158043247593,178.97345551729276,20.431941162793557,20.860969574216035,22.838288263781244,0.1825379489045148,0.19554437102911063,0.03685381928070332,35.462654707187355,1
132.53050259696627,179.46097692758232,18.80669337171554,21.525031807342824,22.75926794561408,0.192892400808826,0.2064172085941475,0.04478753950550822,36.96029751344487,1
128.17785782850973,178.62684219993878,22.884843311111897,22.408111622467324,27.30250165076484,0.23902288292904703,0.2576965988304439,0.04685937846224295,36.821340199723394,1
128.52610268805782,179.12690326547192,21.036402421149965,21.26081011557026,25.91755193551977,0.3015313278087821,0.3267473222270708,0.06539471867144835,38.65607765174312,1
130.09156886154068,179.5377200109739,21.384456678920884,23.570412709132043,29.9661076702436,0.32319256631384663,0.3495824297942278,0.06579654171513638,37.96263655643171,1
130.01228199365102,179.4137408359292,22.04125524108766,23.733096973642887,29.029481430154394,0.26992278825644017,0.2945652194093989,0.05588648442078593,38.96813196642843,1
135.9381652165676,178.81637021387053,23.34367226374867,25.15636719995464,30.729648072470756,0.23479049768475863,0.2522853942638084,0.049327689828182746,40.025582475156995,1
134.7246260845897,178.46930502725846,21.551664830689145,23.83947485220778,28.378607962796274,0.2081884701428074,0.22604826117846755,0.04394903075744202,38.19958122574492,1
133.37156537771804,178.42820350883946,21.73430015789892,23.50802315752519,27.449282358519763,0.18148543477782778,0.20191237173461607,0.04047121726755593,38.11707962507394,1
139.65336273907133,177.95297321942638,20.373713190559425,19.422826700575758,22.937954657645587,0.18066373014738535,0.20360318956766824,0.041914952165707266,38.936456869562925,1
136.0921621414093,179.85571639845608,18.405235027352752,18.111461129616583,15.194871008414642,0.1779878033009112,0.19079496919102581,0.045244013270497166,37.18085277291154,1
137.84329476462761,179.505904429787,20.63172806173294,17.180770380121405,15.564857990113866,0.1791739529095076,0.1964302081042063,0.04171656734995153,38.01657769142036,1
137.81184017475343,178.24941070572774,21.882127578789273,22.37132075021722,27.180665529253528,0.17782433477044954,0.20191090670474132,0.04365552349576932,40.42829682131985,1
133.17461890681952,178.13901585451904,21.499536817602714,24.09030475806611,29.804608445090988,0.17637684069948356,0.2029554950648091,0.04308776810629192,39.062130869803575,1
140.1204497118706,177.6348753337004,20.453876899130826,24.47397316258446,28.944815347827515,0.18011870189599125,0.20784235193082914,0.04382104577719271,39.83088347334697,1
144.47477002946783,178.02941285579973,21.52709558055323,23.142196678931082,26.423479139055676,0.18854958000052052,0.2212671785131699,0.04845380526373105,40.11022652469426,1
135.3384675101953,177.66577530283595,22.254010769146344,25.246591988490444,28.960599972275404,0.2562479231150576,0.2929853625401751,0.06420255915532923,41.87951182242531,1
138.43136033600732,177.05328908529825,21.610771734674383,24.792723849558364,29.052260513782986,0.2758481826813626,0.3270660361447004,0.07667764692590512,42.1123111958254,1
128.9646449475526,178.57799257982649,23.204250296262117,25.40919699773711,32.84422920625689,0.2882129827777631,0.3215600633773511,0.06739125631249358,40.32023831790713,1
128.29766021166384,178.39166976798603,23.441964016130722,24.595120956725154,30.369130381917515,0.2319700608818696,0.25857771116077066,0.05227071933183364,39.75766436710891,1
126.90849370160409,177.6276169795494,25.41425763580514,27.663137200810468,31.689725295065454,0.21067274401373456,0.23497788790066848,0.044386490261507754,40.155262723069285,1
129.2935007138569,177.94984611776843,25.360083957625505,27.42400949278647,30.487042927294922,0.19902310945745658,0.22275370185411386,0.041982859145035474,39.27175322461744,1
130.5826908352694,177.59232904751227,26.947035588702494,29.269230153036524,33.02689892455006,0.2090386288526467,0.23785826520410833,0.04440610028803796,39.830738432198885,1
133.36132288145043,176.79174725111346,25.85215132340588,28.997425369989116,33.39274681529879,0.23374221264927791,0.26439008034552275,0.05361530248003273,40.28042721550273,1
131.17145067956065,177.230589136652,25.135255890000895,27.44386142209711,32.83559271436453,0.26504548222733704,0.30314054335630664,0.06126815226267704,40.606844404721656,1
126.44607422696522,176.9760427152271,24.0542865726378,27.505158376769796,34.87520706015065,0.2193099784959004,0.25296513376628776,0.052967434902931584,41.34518954763602,1
130.2152586089025,177.4611834548796,24.67985376849776,25.421122203773308,30.425852333396957,0.19137350380184745,0.22146909776832432,0.04691502471588414,40.66942227591683,1
154.65832884543664,178.3934942879331,178.72264880576634,27.177431486814168,27.9073620721456,0.2577940273327804,0.09798219047244873,0.33068237050143795,38.977992396095054,2
155.3000847147689,178.76423587736855,179.4749078413369,28.872988404852023,25.498420630573094,0.24643244097724235,0.092130946780822,0.3223716211248572,38.451601651728424,2
154.08121112858177,178.19666571776992,178.08998716874024,29.44932922147056,31.505004271442083,0.23479588482835592,0.08826137531434317,0.29882997855814214,40.07187988457561,2
148.67188796666116,178.54082215005337,178.2702492319797,32.21944639673161,31.373491230112577,0.22093823091020207,0.08146078536298755,0.28042949521939553,40.54766637673464,2
154.9037394971771,178.403346656833,179.04968006765435,31.017983701510424,26.686266567627882,0.2016778389560864,0.07530833435480645,0.2615791752598289,39.2049723723821,2
151.18647999824736,178.8321122581436,178.02881792774625,31.31282275302535,30.71550121763154,0.19914869342791616,0.07321315335747125,0.25319856476771074,39.35173935334077,2
157.58882791668802,178.28579327654268,178.72356357944687,30.811514242293153,27.149945295178373,0.18587719552406984,0.07095825621965007,0.24831025169260043,39.15248330425873,2
155.7380403187986,178.73239475497328,179.04562012519153,30.268018239165983,29.687207789063415,0.20371762241050254,0.07683915572803489,0.27571229013144916,39.45976991876303,2
160.81608341529787,178.14252152383187,179.44846128579007,30.153772357699808,28.85135160666732,0.23643137249233115,0.0893341398013612,0.32166000902753494,40.90266525459514,2
159.10021157291945,178.17117720459672,179.17685186439505,30.19684991945451,30.18954474383677,0.2561420206788585,0.09687335655769141,0.35423153809735314,41.761264058654305,2
157.24965660149505,179.00046873193872,179.1227419850209,27.86650304783123,30.877804722767852,0.2912853862216773,0.10880534590654148,0.40794178222777616,41.38494805704501,2
155.3084315571942,179.4633554647334,178.5321737732274,26.04777386802522,25.74669536890099,0.30299404961539206,0.1051427505683461,0.41112595784787165,41.452113504844846,2
156.47948952524135,177.33359452834188,178.70116259214592,32.59519812148817,33.85759343305698,0.27986197952271347,0.10066618743416567,0.4039827764735685,42.41458647072616,2
156.48050589673963,178.05198565420645,177.78854213884742,30.13059990861768,30.742408541872802,0.2764965296983625,0.09890161973728001,0.40650580888466326,42.3677585682589,2
153.1293380112543,178.1589519560901,178.3697071473635,28.80486627781878,30.760958367262507,0.28240913180695804,0.0959324819401083,0.3980050995480391,42.99420598917463,2
160.93578322893512,179.4714871193393,179.38069110490886,25.77352468890012,22.192070583980186,0.28462459199978885,0.09230924905479346,0.369108041971341,36.83502434858557,2
164.016018479497,179.4716054647062,179.63549191868523,23.75782840747645,19.162411691024325,0.27929491551647717,0.08921037170293677,0.35840142517928913,35.67474531842942,2
159.7024085188037,178.9214910089284,178.540049964204,23.23769849862198,17.646314135203298,0.26210378901421355,0.08750423115934702,0.344908332493913,36.73979698856878,2
161.39313767892972,178.32176073750267,179.42050038295957,27.99818680165308,27.92272675451658,0.25514683433553137,0.08763076993866004,0.34276882674672465,39.875034200992786,2
157.51622238336884,178.24845300770806,179.24689049982413,32.91245807460578,29.972235394183688,0.2258844842657342,0.07489779947819655,0.295301846583884,38.60055817547182,2
146.80639756329205,177.344981819653,178.26535530942436,36.02980763467911,32.270661577147294,0.2006108128015557,0.06448925594951546,0.27359660479033854,40.92472156566688,2
155.58943623741612,177.68615322157964,179.14771912080158,35.69967529233689,35.49731217773337,0.20148805040826454,0.07100109595713963,0.2680013469340949,40.192278881620155,2
155.70304050149656,178.27009809380908,179.37383278380412,30.69229664612236,30.575178416685446,0.24405834643844207,0.08553321297877335,0.3280311557141263,38.8439018062228,2
157.6651355926103,178.4598231773265,179.3655494025497,29.54748731309987,29.924889202488885,0.2790515942497732,0.0943957578647072,0.3752227204931907,40.1054712489567,2
154.28429955979198,179.3772157884435,179.02304459576533,29.729651937387697,27.211916280810804,0.22942994045489162,0.07868076458111332,0.31011849173115563,39.87294500094637,2
162.76383938512447,179.02022165510297,179.59385231813727,29.178230125010014,25.015026696762394,0.17420510790473256,0.06646314903729787,0.2597583107129941,41.240305014568726,2
156.6127107322282,177.96151559953918,179.2659578409926,29.62965744506373,27.208754650327382,0.21701823958849267,0.07526692254779419,0.2974547828576822,39.38087365698607,2
154.1297689716659,178.1157624820803,179.33379375894208,30.64380596060038,29.359461296481218,0.24970576148880563,0.08515165023840617,0.33597731274649767,40.00607578129397,2
152.16461605028627,178.51811204522647,179.7534700502456,30.886500921983245,30.265447855281916,0.25695411312843375,0.08747296033904951,0.3518514765804461,40.54002895292435,2
153.86888005246507,178.37976079763285,179.4741022896924,30.943527300785412,30.14658645769333,0.24379855639654724,0.08593950544156312,0.34293575292350365,40.94622304730968,2
160.831644744872,178.46955362897845,177.26305547814104,35.03919327257098,32.33019847882977,0.2490215790370846,0.12587215971708224,0.44849397471582564,36.10884292252334,3
159.75224758882365,178.43219191677838,177.25995337327134,38.80432173825973,37.530384434187646,0.27006831170964746,0.1332011380446196,0.4797198073355941,36.2245233259841,3
161.58041753875384,178.2342636321161,176.60397160166067,37.197002344206204,36.65715781907123,0.25863064392170415,0.12751087652263085,0.4614828306079841,36.822308068094934,3
161.1061084829849,178.22924856285076,176.45592783943056,37.51443565461419,36.29825114540842,0.24576009276970556,0.11833160817670821,0.43940536198573166,37.88695314886642,3
159.63989599815406,178.58339207816044,176.7837292364947,37.756990066805514,35.03151661932672,0.22502156205792917,0.10837090153671361,0.41092989401464014,37.973163337552506,3
161.30849529419754,178.00948737151066,175.95360734039645,38.733553987425005,31.76409584827352,0.19155066384531833,0.09720766296155041,0.3430575974808829,37.15678702996575,3
160.74242599567788,178.37792149373914,177.27672722735858,40.17827170480755,36.375495139030434,0.16354173812328135,0.0823256021369285,0.29914672825796207,36.77650284351622,3
159.28194457905823,178.88643932680736,177.18207484562757,33.82310887966628,34.24902477918485,0.14783898592279954,0.07344513089975092,0.2726271797688788,38.13604745796181,3
159.34753360394845,178.36522705839874,177.61147029421932,36.97180907222957,34.72470976299635,0.14437593355262449,0.06872387112887555,0.26529208863426285,37.43695689722369,3
158.99651829951665,178.72404497884003,177.55331025360687,36.51654916594716,32.35189092555344,0.1523411900951102,0.07297392851594275,0.2824612685753177,37.46707499516561,3
161.7773018365476,179.4266539248395,177.4907831544932,36.74766765940361,33.12342021578434,0.16151540109023524,0.07734632951195312,0.30705086983058505,40.17798348916796,3
162.67524084080236,178.77639257847116,177.85352114938647,34.138576667242965,34.10153539354087,0.17224908326742877,0.0737046008037616,0.3134191609474327,40.72100532192224,3
166.98228477209614,178.8134929549712,177.98136187432573,32.69322514408897,32.69430906204333,0.17919538334137294,0.07499931541172107,0.31963744927629656,39.98202041244377,3
163.1943881273126,178.8800290797842,178.067521687055,38.36424281027039,36.907688161090064,0.1862306484224149,0.089635334435682,0.34439318787696377,40.16664255026701,3
165.7231425087411,179.0143349596852,178.01945435263917,39.10756075853541,35.729715862278326,0.1822456459699691,0.0888079073296193,0.3404382866438596,41.029228397660994,3
162.24157538544614,179.38343753564223,176.91017361677095,30.730292655923513,25.661013965621937,0.15358113894966383,0.07634578791215073,0.28624676199824345,40.78426231150158,3
161.5136248433398,179.17897980055076,177.2510894809995,32.20139817618937,25.204798805036706,0.1415406671845148,0.07040125155547164,0.26521689968840806,40.39124939835137,3
162.16999223107342,179.28345710056368,177.76991958208882,31.610403862937915,28.675517161414803,0.14510393417509065,0.07149026539071124,0.2708874295069807,39.329458827868706,3
165.17624493477427,179.2361529634675,177.01667709099866,36.48436008306942,36.894241529391884,0.1642708566111827,0.07546927955981962,0.29910710023780646,38.28475567137013,3
164.28910576146214,178.400171131197,177.13416946692521,35.23263677535671,33.44361645545547,0.17031040913669793,0.07317049748382949,0.3190713162775733,39.391993178703004,3
167.25615169434997,179.06653448006782,177.97945697388903,34.647241599318924,34.16054757447229,0.16434020744122435,0.07569026462831677,0.3159675202952889,36.39583397957394,3
164.41402208474787,179.18000088539392,178.1717934810286,29.224137072289547,26.001260217200517,0.15286196749127687,0.0729704871812,0.3014191472514318,37.621601451774346,3
163.0934909031956,178.49948979157088,177.5057831523908,27.320114003161393,24.385820720927352,0.14038003115694025,0.061261225056427344,0.27558740431093576,38.93391201356634,3
163.00637874598758,179.02615004282748,177.32544293326396,28.847447243404453,24.423768842492823,0.13501932419227378,0.057866114623295446,0.26296904732244475,39.219818587319345,3
162.58900149151188,178.93542413265936,177.759336957883,28.77605909713814,27.731071041993093,0.12747171653328176,0.05570463632170463,0.2487111189170507,39.67466327334234,3
163.00289617949454,179.215721455794,178.0779824242049,30.38205416670203,26.962659304864328,0.13325110078840546,0.059508802482993485,0.2568610431263546,38.49865344339413,3
162.94515957890678,178.9988146219867,177.3140620303005,30.33353329131095,24.416305411397794,0.15230136274173336,0.07127873195917832,0.28988053535595104,38.136575329898584,3
164.01784052562715,179.3438520926429,177.50360582783185,33.40659509736165,28.399874739488034,0.1690388139819898,0.07482362965506181,0.3179007470739211,37.952158617190264,3
164.89498271942205,179.2720768945541,177.07311775710392,32.30174318297783,29.854281697192096,0.18084064843733885,0.07793372669598247,0.33901608684880946,37.271021180293005,3
164.94195017410402,178.9177194890492,176.88468564285674,32.214415510558915,27.72505929897731,0.18925675885838497,0.0803934609488131,0.34892049132287845,37.516339178804465,3
142.1865371209824,174.1739860969697,173.6970192879816,173.13270721865,178.7467662935198,0.2452227160552845,0.046391680047964935,0.06421522568698208,53.336452800243826,4
142.0466457440862,174.74848508242732,173.13071556770421,172.64840078629112,178.773652937781,0.2506999196523076,0.05393553787342496,0.06470993583748272,60.05913766780276,4
119.09334753154339,174.67229034517814,173.1655071747829,172.4151413854586,178.24331872705835,0.24887603887831677,0.04811933072430745,0.06308892776705399,52.221726109366124,4
125.09185367488826,175.05769114507868,173.93802427780304,173.74547993503933,178.30670389979235,0.2378762078642588,0.057692348993251874,0.06093370396209851,53.63545705926864,4
141.21609520492544,175.34899246312833,174.232268662139,173.45592269388845,177.91851643579741,0.2192024224809497,0.05932127440243252,0.062438092066303595,64.32796913275386,4
122.60726725645564,175.99054160588017,175.09738801789183,174.56804930070072,177.66665868070575,0.2721214022490384,0.076322972683294,0.07330538752192418,62.56277196597598,4
137.67994086122664,175.71318617262514,174.22777979537028,174.10185958672946,178.08140280080502,0.29152051306513005,0.08087969035182531,0.07670000788536217,62.710248043982894,4
127.67912744972163,175.2284053171854,173.59355693162382,173.6915911414081,178.52873434676906,0.3199758269468484,0.08758962722843813,0.08158307906492489,60.44909113740722,4
129.27089483968692,175.2157276429833,173.05108093715847,172.6719667013253,178.92531626811805,0.29917778067296436,0.08476674275150495,0.0780354237201245,60.431204965885776,4
132.85030187739164,175.04753177068778,173.43282024348665,173.10804838670632,178.00740219108954,0.23669517962058279,0.06467046308945147,0.06376264926960232,63.53359092420438,4
129.7394875859565,175.28642131185921,173.69921033583432,173.3996993600902,178.67621839522312,0.20600864100245067,0.05691466003371715,0.05613817188764726,62.418162287901055,4
126.24994070245046,175.67897372588484,173.54290331408524,173.24110324822792,177.83456706104053,0.18796837513842532,0.051199400013424094,0.05029612771348826,59.86283341842098,4
125.58279947659925,175.64468368515227,174.38426273476438,173.53620027448412,177.40766937478926,0.17485970162376666,0.04689494241583939,0.05022785326734673,59.20994308212562,4
133.406356599446,174.84165926617607,174.1444292515386,173.99814501852066,177.4894228117854,0.19929147514562476,0.05194230358978781,0.055841676559417026,57.53330227798805,4
115.80332011591811,175.537891987198,174.92810043559584,174.54328085057594,177.42533349403385,0.24016467248209966,0.05924975280182988,0.063354608107152,58.2031237053685,4
119.87032483081121,175.26474286375006,174.51086351242063,174.54329128148854,178.04881296077335,0.3045343587439487,0.07726152960843688,0.07921023189527056,55.269065441552065,4
109.02555879014818,175.48663701479336,173.55715130249328,173.06173893252978,178.41999916566897,0.31838382587162123,0.07878881630758584,0.0829871159664022,55.77970478366706,4
106.81062282014113,175.6410178963367,173.81257550611846,173.6845154895018,178.95277424325528,0.2607029454318211,0.06798217771553397,0.06557629116112902,57.13511226816311,4
122.03881589277354,175.1419676652324,173.1166028137137,172.17137579002082,176.14676348772042,0.20468313454712805,0.053512861289623216,0.05459239763783844,55.33860714474381,4
106.17493927688109,174.8886262803068,173.96671485717783,173.9613977663505,177.80021903715834,0.17422148428192238,0.04401252370266728,0.04431078136962536,56.39240831387896,4
123.17109523392325,176.4007747860957,175.2006952135178,174.70098423037922,176.89856971449998,0.18386231497689073,0.04737368438504416,0.04554054879560604,54.19051561817264,4
105.13890582616129,175.17543292134664,174.14290621213144,174.23564173322384,178.29297261191726,0.23544575596809286,0.05475255909960538,0.056560481855383204,51.57807138745165,4
95.09932362859944,175.7142604451517,175.7680890275316,175.87213872028843,178.1566071549505,0.2525136656081833,0.05901116433934015,0.06462048612642235,52.132476613545805,4
95.85755073175852,175.30240901538204,174.89335510369398,174.79218206637512,178.475340402367,0.26302606021616315,0.06045639598539124,0.06787361632980529,51.65535680383201,4
109.91183216761615,175.9323399651343,175.17467594630094,173.71478185067275,176.8154334075014,0.27401675444222867,0.06763521437092006,0.07850884468348371,53.81336505814654,4
92.8332626538306,175.007782987894,174.5815564289607,173.8431876755607,176.18415157084024,0.30166614077989895,0.07122848404861125,0.07915363588493157,55.81577534607161,4
110.43962110348785,175.62996329726678,174.6860501782335,173.48528046225874,175.78916902559703,0.23842078564671207,0.05852124737752345,0.07079330208199289,57.93945008502553,4
110.08297305215072,175.26424300484587,173.5556039282023,173.11359330406054,177.7014558087359,0.22281794878336808,0.06007406131783455,0.0613048951056239,51.00211576535999,4
101.33738819036404,175.5454225730114,174.4164193617707,173.92916954230674,177.12308409595008,0.2161050725111267,0.06195453709398315,0.05881120684564602,53.85942141530919,4
97.63391245442236,175.65313499585412,175.02407182077442,174.7753979736521,178.56328603431388,0.2596432041958756,0.07452386304859795,0.06958173782132017,53.55786807133415,4
169.95125142343664,175.12963380537312,174.49147061303725,177.5174010607251,176.56256826748248,0.1542771955197116,0.05545275435630555,0.060046718698898764,53.616958376591114,5
171.9350897678818,175.62518985021285,175.95366461280398,179.56898154017856,174.8713896791067,0.1609487443241475,0.05752503926761839,0.058959931899125566,54.461456358027924,5
175.2742350261895,175.21286683097804,174.7838017280243,177.92500651309058,174.97326708471942,0.17472383893630333,0.07314910722466204,0.062382049569245306,59.77777651609552,5
174.39280844073207,175.12593631709848,174.34812111422647,177.4083456112836,174.59002019384988,0.1919603765596066,0.07827546907335821,0.0658468092290669,59.767732546995,5
173.81274203214184,176.47861886491717,176.34010859517252,179.29327450976024,174.7440439652028,0.23055523799494698,0.08443342561991844,0.07239592053527569,56.11593481380423,5
174.16775547295572,176.83680211580054,176.099546383547,178.3772521679225,174.52033541077347,0.26728148486989856,0.09759970265086247,0.08299264744998318,52.458642031202984,5
175.3771335794625,176.59480141554303,175.42331491868947,178.25445109607548,175.4642185679809,0.2608213231038121,0.10153650076059453,0.08877455738178883,53.09140150564335,5
176.2988876496522,176.7045719683038,175.58205124880274,178.98679061793788,174.87685455442892,0.2312717859628575,0.09489650496325965,0.08377891059344178,52.231465822841855,5
174.13342922831603,175.72948177769112,175.99854700689025,179.49684423506952,175.13309812702468,0.20546870706905254,0.07966297510907382,0.0759122566561789,53.560872496141485,5
171.0749248479824,176.92515446124037,176.12294425732003,179.21319976268975,175.35107146078164,0.18399166254999244,0.07254634639110653,0.06804696523536018,52.868491466633024,5
169.26577367239813,176.2230523253455,175.61965991054646,178.64216263477326,176.29679676068355,0.17449359175725057,0.06689203604908409,0.06462162052556149,51.31617074560904,5
166.81208973950336,176.2853538807016,174.77886322191216,177.64516128281966,176.68040122671306,0.16258122178202553,0.06272210125860281,0.06216512558660141,51.071148586253706,5
166.82614287307868,174.96057302698088,174.39155836618878,177.0920472417264,177.76899787943506,0.15841486536361937,0.058389319586168005,0.059813498988983776,50.09909314717606,5
163.9605820017682,175.88458867456734,175.56726940672422,178.90169851454988,176.44313366085817,0.14788170865249486,0.05867074222134544,0.05415626940360568,51.763443295961274,5
161.46266396316332,175.45185466149124,175.07816172063232,177.97287548230284,176.9004496534326,0.13936273062894444,0.05165095347866057,0.04997221095323266,51.582943619718286,5
162.20836281985214,175.8129344566904,175.84553141366834,178.67540782170192,175.86284797218414,0.13548808850793065,0.051576885984652876,0.04929098510500051,51.98007900518871,5
161.4648110061441,176.4933245334092,176.3170101955068,178.83733454228036,175.62429289357664,0.13493700935798209,0.053658099530657755,0.04855318955385487,52.65784218533786,5
163.2920070126792,176.53494062306166,176.49967884585325,179.75914483876602,175.09315977250995,0.13815276910551647,0.05653330098562759,0.04962901455485519,51.61254411399449,5
165.82833994922194,176.76627267102256,175.60553898739587,178.91794016965974,175.00352836680173,0.14653229842759782,0.0609948491961536,0.054390114223397075,49.66518903814949,5
166.15685245500583,176.56383900522374,175.7968385954078,178.73466859621672,172.77344702656862,0.16860600610924623,0.07095385289704775,0.0642687526666586,50.20410359006267,5
172.40276567590305,176.28209550447525,175.7095095771414,177.77560126421704,174.9172163070001,0.1811156400922009,0.07867740726058542,0.07282957860522632,51.333056855613314,5
172.75065057940773,177.21070808155207,176.2830291155279,179.0624825040995,174.7138848702901,0.1922843858853373,0.08137103331095136,0.07889691177530721,49.67684264885618,5
174.92443710345626,176.7362688697545,176.47991001578836,179.57785345933905,173.74693953222925,0.1961870326338263,0.08730312418837644,0.08391582946275437,50.36589604786304,5
175.38545658291434,177.0158586143481,176.42210611966945,179.75314437199037,173.5519140946219,0.1908922440727458,0.08541953368015495,0.08344118403545747,49.91490196955517,5
168.58656025275863,176.79624949560454,175.93877594377116,178.4659987942282,174.693042342415,0.17362905745223242,0.0746962675787006,0.07488284595332503,46.664946268880264,5
169.65491658454167,176.47113387614905,175.72618726033,178.8427814595585,174.94344882825902,0.14596571135861808,0.06235389963936487,0.060000808186471785,47.433901666039176,5
170.13080049288283,176.05401470085135,175.2768184937616,178.65365150985477,175.60030511354339,0.13172645231983685,0.05697683766402001,0.05263186197949619,49.70073691788851,5
167.94253941441872,176.4108173267927,175.44535896750338,178.33235858219305,175.58871256407923,0.13120033524704267,0.056468936440084314,0.050497549024718244,50.557004421732415,5
166.6827787685591,176.58175231587802,175.1935785391149,178.3163764590636,174.69510926493734,0.15132285888683597,0.06512907146696352,0.05981335024157774,49.099014554316284,5
172.0343465615355,177.22610145280152,176.30664912422063,179.4611035849118,174.33647431738186,0.17055325025223356,0.07144593290643758,0.06933363179108305,51.43363885143188,5
150.73895406980603,176.5789298791655,173.74070986333788,173.80715259592068,40.06116876097533,0.330635601953314,0.07899070545803899,0.07960532335932517,46.982478104356105,6
147.2037604857383,175.48462751984806,171.6822444287663,170.5096647864635,40.84713968472036,0.3117625403848244,0.07452979979697762,0.0809415960597585,44.236392363955986,6
144.74097175180881,175.96315026525588,172.51161728970064,171.891800430696,31.663766457097395,0.2992034351764233,0.06635764749926935,0.07876628816243696,45.44608411459469,6
145.7289398395152,175.568232402595,171.31063010016175,170.21064017867636,40.352282603568085,0.27657754537281243,0.06457473073369276,0.0820027128196597,40.30009194374098,6
153.2041182683694,176.526940884049,171.68482746966535,170.62599208013475,51.03697621381581,0.23469781331824066,0.06331226870297611,0.07401536412309984,42.97765042577249,6
150.7057795028283,176.53451697833373,172.57407092822766,171.00997591899363,57.90059806210344,0.20635617663213784,0.052186180360949755,0.06266057404412755,45.46618545540783,6
147.98077790003063,176.76206613631922,173.22708926572204,171.73094613573446,52.33795494263856,0.22128868651095046,0.05605111308024711,0.06825016557800082,42.95398086908685,6
144.7449896710865,176.7579972753072,173.09370808888423,171.9544796218616,57.250811107290076,0.26031779317472414,0.06879738215878499,0.0800219317167878,42.415379484064324,6
139.5974428793785,176.30188829569934,172.912354397911,172.7711094587017,56.00548625906466,0.27823462526587683,0.07494079284138536,0.07905697148941042,45.37602810880093,6
153.04453942542656,176.52676719090758,173.0861808562576,172.49851678511405,45.81254360236447,0.2918979451283318,0.07698747573945144,0.0821418831020902,47.95852739930934,6
154.55397195837517,176.27930165271079,172.8100773992273,172.16027775954268,45.48235571624826,0.31207554374733226,0.07740708226423722,0.08578369962922333,45.7774298965786,6
151.88447174357108,176.08182568617968,173.52443762375665,174.0270835573153,40.06242529728725,0.33404868256895065,0.07710225798332555,0.09075601812131982,49.360923374383184,6
144.6665037116337,175.74740551289517,172.41308467260387,171.8425241945654,43.80149299245045,0.32784537146375836,0.07897983249834856,0.09126080739504579,47.618847533827186,6
138.0452515259553,175.82828840024237,172.9206105949634,172.17965349746535,49.975745874687554,0.26811046591183285,0.0683813889518875,0.07739175630029742,47.84001452124229,6
153.00473905214673,176.69818109330626,173.8597172972117,173.6612844857251,56.877073911987054,0.22141051249437502,0.06249020453699438,0.06869551137597998,47.557494444702115,6
152.29224908272266,177.01240765900317,174.15903966588496,174.30681180924105,57.02299713349198,0.19831867744541418,0.05808796964534237,0.06005123745233817,47.868049952873264,6
158.2795273927065,177.06215732457403,174.41832309229548,175.05408326980518,56.21372862434247,0.18716113919904842,0.05731958659149622,0.05471419604145486,47.86476430356044,6
147.4276180110727,177.28466675892264,174.60157455712,174.05433811827345,50.2702422923892,0.18499156342886416,0.06143488340072783,0.05791292814300354,44.11659200093201,6
157.06305213005012,177.74870313735826,174.55663878129573,174.56824513445395,53.233569384167154,0.19667477617411383,0.06049831680622165,0.06058938816507291,46.524806211398904,6
149.5626263246148,177.48513816905793,174.90354923933765,174.6849245757252,53.075125058801724,0.22929475256001464,0.07223098705288844,0.0678398882815438,44.685109165741,6
152.08926691382516,176.1504653420303,173.12970059074232,172.71861885231903,48.55458670510167,0.2737619944964655,0.07795976468210124,0.08029440663986961,43.31734036893727,6
148.22465495928304,176.44905936569742,173.45811495954834,173.10204832435343,38.92105962540688,0.3329154249572752,0.08301510094714247,0.09807982819939189,42.245015554371726,6
146.85296044225663,176.30335567081596,173.5099198868572,173.02889257950318,38.45768698848934,0.3416104404155595,0.07661347005318117,0.10446960478140367,40.677921715751225,6
148.19252433846142,176.2459188328315,173.58487343630472,173.29639772182009,58.94271678335712,0.26169324275576095,0.07293727034543653,0.079333083041927,44.493886243917174,6
154.78740263618496,175.79916554563755,173.98046464091615,174.93612930608458,63.58756122643486,0.21969920802749426,0.06569004104825933,0.06228796708036699,45.378678423004146,6
142.467116839786,177.0885853634583,174.58655019110944,176.0695821335828,55.125386489461604,0.22542587413151755,0.06063970284960697,0.05825939747908969,46.00870516031318,6
144.447071267483,177.33293364028384,174.7451724110937,175.78835674172407,69.4816332716796,0.2941879556738041,0.07246780538139254,0.08796536009490107,45.38634355975762,6
140.70270483430394,177.17363801023092,173.39097162672732,172.282943914564,46.17500378834439,0.2923811027907721,0.06411715103448258,0.09538568867221338,43.55481922299463,6
151.72180763600392,176.1323869694325,172.3141734896104,170.70788553357775,41.24136904761787,0.24211573962028674,0.04895391699626687,0.08738960786248448,41.93965904399032,6
145.85607901739579,176.5088357720452,172.22898038591026,170.43314536994254,47.187955396514326,0.2075746389262937,0.04949260276151326,0.06815733175627407,40.481713699854126,6
171.1328064683271,179.6751748573979,179.47185073544688,25.080888778775183,168.07374768949106,0.25298703156534413,0.10487446447795357,0.31087749996619946,53.721354648082986,7
174.62183073768426,179.69898620043256,179.6884887798486,25.934522111197754,167.65678415005436,0.2611853489467938,0.10520068077392547,0.320229810177877,52.761943272240416,7
172.30647987788853,179.4642284952435,179.1378987501107,23.92267490662441,168.43127978645975,0.27429578558679213,0.10894016766978247,0.3335299306320417,52.72517483650769,7
172.84035706834297,179.35414400431551,179.14389475146027,25.21379248290742,167.31080031093512,0.29217802708542495,0.11586123210529292,0.3619059607455599,52.916404640839275,7
167.84862831589223,178.81162967553846,179.01288102716293,20.626832509124757,169.99485789162452,0.3124472802988544,0.12476847593212463,0.3731919210643896,53.22683480832847,7
168.17422045541335,179.3709130616712,179.57262740250226,24.25522042791324,169.1978660747773,0.30868389733390716,0.1269721739308557,0.3845720767855428,53.92999697166321,7
165.72340753377543,179.57140112995586,179.60662205873564,25.325635796763617,167.5164000565776,0.2724632452274416,0.11156236460873313,0.33548060109697325,51.69661399899891,7
164.1845023084823,178.63589295012113,179.26504183711717,24.616754486219616,168.22531876389556,0.20905925894869484,0.0861777751268062,0.2658462429773771,54.74771796883666,7
163.35190128120092,178.46671180944676,179.1467682292245,24.498236064908163,169.21684964032113,0.17726810187577133,0.0775502063954898,0.23582503126641685,55.38954348828165,7
160.44647785855483,178.74345533938364,179.09622897597387,24.075599929040933,168.72334476254593,0.16955571797484933,0.07166593119933552,0.22014117061469227,54.80688803794908,7
160.15547117894607,178.39623551641495,178.88510024815093,27.68060529379073,168.9834835054276,0.1658223350186521,0.07111264092477637,0.2163021288355936,53.38014988573132,7
158.9064525954488,178.7099384800592,178.70792815951359,26.329903225855404,170.313923526771,0.16149299124073535,0.06877245518843982,0.2110813557344923,54.20339399968434,7
166.43757232602826,177.97369003949132,179.28288449293458,28.219057358687614,168.58144166444646,0.17080159399356878,0.07323770922852522,0.2258451877001497,53.26447238254435,7
160.34315784926886,177.57732037039418,179.0441937182615,20.558632194981286,171.39294818637737,0.17704262113209177,0.07467449043172698,0.2363724651364877,56.35137498833604,7
160.39683416223127,178.32599578640182,179.12930958027167,21.130574959473467,170.80166506731305,0.20260638830557878,0.08504419802999162,0.26891238337978846,57.84049144977018,7
165.93212265960503,178.9344272531207,178.6296667803885,19.03275696191858,168.92344026944676,0.2308376067845833,0.10205525238573236,0.31257192680805684,60.220034780608486,7
164.69028861391408,178.62918202479784,179.9260220447492,24.91879493955026,169.67318275542576,0.25097316222962546,0.10805993309685254,0.3311367484302756,59.208614976850015,7
164.90786603985782,178.75725263366255,178.6694363648614,22.887599931065655,169.05880672091823,0.2601454267187721,0.11433595047708452,0.35336466366055397,57.88931910191791,7
167.76592241177335,178.21766988573958,178.57821284069925,28.106787348773256,169.00895320061338,0.21958426142922802,0.10133560583463652,0.31906774801527527,59.74646237324465,7
164.18645380634618,177.59079992924768,178.42844731416218,24.08646688766688,169.51828203422613,0.19866278436707285,0.09239111454296124,0.2867548943733497,61.659624428836246,7
166.49262237626257,178.1085138233855,179.48854144676764,29.93729287419522,169.24073870695,0.1707807831818799,0.08117338240189713,0.25444741146546634,63.57082026702365,7
163.3517088794471,176.98344684295782,179.624550565083,32.062034512189626,170.14238361553825,0.15676693306526185,0.07167436489369403,0.2399097541808045,64.15645484822775,7
163.01794032340496,177.1887770865451,178.25226546513719,37.17553642373506,168.52516462662118,0.16610119806465795,0.0744690578486672,0.25331493742610034,61.16351170619527,7
160.48039827382507,177.96654054300345,179.57239722241565,30.088006220275943,170.19656195968687,0.20324595478652577,0.08473430549221185,0.2746922402236315,56.60666865166602,7
158.54757817504668,178.39126251685065,178.51569594969624,29.212723126066795,169.00167345829956,0.24227341358035548,0.09732166289488779,0.31053663894291056,53.56764460671481,7
158.7802182552863,178.69970022545613,178.16932769501608,29.891180422128976,167.77937133818946,0.26837945989752143,0.10690454197710664,0.33776527456553923,55.08275339425537,7
165.62455108629513,178.5146365645085,178.9361240642359,31.10366390579296,168.24940896651012,0.283540699340392,0.11154776730343223,0.3603292072452755,53.664447642415794,7
163.48381330779014,178.62236947190368,179.25961562185387,30.75028244306126,168.50011720649786,0.2769970591193245,0.11257016993089929,0.3491792078466992,55.9437655190434,7
170.60735040522957,179.42110359600562,177.86890628821516,23.41846465417774,169.96473384761862,0.21911533143006895,0.1033727287614601,0.30450163543466946,60.44764310769633,7
167.6224301691996,178.80602463486554,177.77443868328453,20.078404959103445,170.37897217919925,0.20642277570176157,0.0929145856240525,0.2781859320963217,60.6249583726714,7
164.53473485581358,177.68040183808262,15.582589102203622,177.4834620398454,177.04951502777587,0.15276150302300553,0.24254462346922426,0.24143515369653806,66.63533286909359,8
162.1930203619046,176.3523034112524,18.976733197755607,176.22049270452845,179.1049268624652,0.1922265911914045,0.2872830727565576,0.28808323221517546,68.0751924511725,8
164.4650338966751,177.3561973135892,29.61266286220732,173.75136944008875,176.72488243770024,0.19005020574375675,0.305368099006769,0.307990148636919,65.14270580564414,8
163.15439347414045,177.49501965240455,31.294873459538366,172.79003311394405,176.36750628687577,0.17405299876732705,0.28944549675850995,0.29332421051928004,66.18997110693188,8
168.18882236014116,178.34986977514862,29.413518103317685,173.13083578781578,175.56064761356953,0.14106860591996348,0.24672342157110744,0.2511577468074245,66.50238342884273,8
165.2982542030228,178.2085458709795,28.080872142570392,174.33462798015967,177.64024019343728,0.13825323767383013,0.23415366807740792,0.23857076641245886,65.90943090112127,8
166.0532118616658,177.38773656706448,28.432267828079578,175.2798619067972,178.40032506790283,0.1342574723800591,0.23176356686842836,0.23637140392581393,66.74816801232853,8
164.1344019876096,177.63156780818423,30.122713316652188,174.70532840483864,175.5079385666582,0.12284731654624069,0.19998055770262757,0.21316997116291111,68.09498084427315,8
167.93986012181298,176.30994436183457,29.042045458063328,175.09518477505208,177.1447283308431,0.1262038263551478,0.20125268229177234,0.21012572035746627,68.96267306210878,8
159.94772229607278,173.88000720428863,24.156546621855984,177.26323607651966,172.33193856048783,0.18999396736962418,0.19639537537155477,0.186963393060627,60.14012692956253,8
162.57216961932411,178.7116354439971,28.57241819306893,176.53698649823522,177.0952570766339,0.18255589720050286,0.2162664400653238,0.20897886525660617,62.65941322352062,8
160.88983588464342,178.5735793029098,28.55565129559241,176.82962937733106,177.43243659295436,0.1825297812370079,0.21717493748580563,0.2129194772921144,64.261236932987,8
158.06931744278378,177.80099555512376,29.65820879224114,175.22135642510287,176.0758534455876,0.18932570046454383,0.2130705194299128,0.20979365770807026,63.42731353401056,8
156.01176371052696,177.84189190950903,27.81369938110023,175.59434173734442,176.33087908790407,0.19469595821657087,0.22220341372752053,0.2168090555693321,61.434564407318796,8
160.72518398704193,178.78227281969174,28.990735337711026,175.35755051219638,176.3264465943769,0.20818011889682608,0.2427576775707162,0.23368590728434122,59.50047979941517,8
163.22950936775482,178.84918083794386,30.537250778339097,176.60894569156247,177.5857283906366,0.2016173827861262,0.23364673185260712,0.22365845817568333,60.71550173450735,8
160.09076970294805,177.27545136458747,33.470923037615805,176.18631545733456,177.0731702846016,0.1951664555416561,0.2192877504180819,0.21044105456855716,60.956182940387876,8
162.68020939086372,174.62478455161772,38.12904939226723,177.99260311456212,176.9362282740734,0.15757198427558142,0.1943895045822986,0.20088596237058587,66.02151646618321,8
166.90644514480104,177.6127821721714,28.301980793751568,177.07690657477391,179.40547398538138,0.1346202172135642,0.17985508404101083,0.18421489222556464,68.36792574941839,8
165.7970309670443,178.78429109887657,27.336604652105766,176.08806362326146,178.41244660236458,0.12143335732476773,0.17275628414898014,0.17794204222649906,68.6326983430834,8
163.36462969722805,178.19926930947332,27.696545738703435,176.3578230496235,177.6344142057423,0.11942595879650447,0.15791198105352588,0.1626894822477078,64.05501569630079,8
163.28928328741145,177.42881343847054,24.44422419583335,178.75379149660725,178.9825685581333,0.12582846943952009,0.16456180043668484,0.16944834824581417,66.53159453975617,8
166.20331760030174,176.55063568153807,27.059015713609725,178.08022808140754,178.09892636135487,0.1389823840165746,0.2025545773427075,0.2095829244670276,68.10179437414705,8
160.68581222237802,175.1697818876764,30.488380068739456,177.6516423086009,178.5707498871015,0.1620103524603118,0.20934202103434846,0.21787625642380684,71.95804663480092,8
162.53472651612586,177.6366617842787,28.664343402705118,176.39685960846907,177.11185591606198,0.17057377576082344,0.20958181104151566,0.21281732383162516,61.10563748306697,8
163.38743426541134,178.2302574418361,29.447419882589273,176.47616552345536,177.70052659655644,0.17706037345305484,0.20883682281579094,0.20791949967378753,62.63316604123143,8
158.3197154911848,176.10895460204478,30.8258938895021,177.96669629311052,178.5064691752247,0.17882584860832404,0.207372032476073,0.211257628901428,65.81128634830937,8
164.09612094943284,176.5519706575955,31.817420200510035,178.72440182263924,177.50279169625114,0.15704305944867855,0.20159606062093077,0.21177571019460095,69.54550002430723,8
163.25122255433178,177.55134667557274,29.561853361844733,178.13388265951545,179.06317956257377,0.1506835563147162,0.20514626702930897,0.22082221661692758,68.85713744687703,8
164.46529594174615,178.2815216311611,30.092278243986748,176.50134272420635,178.05056532242173,0.15953271173193403,0.2207597960157244,0.23466140277480896,67.14641185630492,8
151.90126752534323,48.18596731232659,179.3547476047025,175.43464463891482,170.15481649370827,0.0322416380406602,0.27909241401972606,0.07729464302979976,67.90060144232427,9
147.33947170339812,52.453889018112704,179.03359697737233,177.27490957183744,171.6409060444996,0.008506362392085335,0.2503800804262182,0.06478618928349383,66.11175802055584,9
155.85416303642972,55.68087330506342,178.20835585706132,174.5448508334318,169.2654168911019,0.0146132278599915,0.24366353271940858,0.06608183435706716,66.3491617179225,9
151.0964096113543,52.23716835861725,179.55062701577637,175.89403460789606,170.35481034332093,0.019733469512042787,0.24778878770022342,0.06334157448444144,66.80741893086883,9
150.2768247823372,54.91876155516062,177.92482508714113,175.5556555290436,170.17490826073475,0.019556588776871345,0.26592020287274404,0.06989794131209633,66.51393474294512,9
147.89185054354215,57.85916594828154,178.6755293832476,176.20691796241437,170.13952244367292,0.022543976412602237,0.30788039818655183,0.07467653287818998,63.64765851449077,9
149.8828980172873,58.854967072377825,175.73259532215832,174.63627592374795,168.77304218460213,0.038513640959904165,0.3790936592681029,0.08631635012130533,65.06379211223839,9
152.30092402416273,61.013129546552,176.98556466472363,174.61687993958134,168.67686494440633,0.03571471264235898,0.36016187453847154,0.09047463393362182,65.38200079944868,9
158.77435044582978,62.34594232040781,176.5187687976336,173.81425368336764,167.87499525506072,0.03819288244868104,0.3379723798894627,0.08955112747166713,65.244572941013,9
161.3553079233882,53.28994089313061,176.68226363894237,175.710042015928,170.32796368824123,0.03500672436770518,0.2805701169674915,0.0796829365117752,64.27810012320043,9
166.34126801470984,58.96659712107338,176.6941181091309,174.56213238175945,168.4387270651193,0.03889235413769018,0.2490157853202983,0.07250638380353502,65.45110837135975,9
164.69132977019265,55.92891917051655,176.41615405224476,176.15244195719436,169.96411191492626,0.03429835430915322,0.2252268804650011,0.06573501084519887,67.93269941228847,9
161.7743843340906,57.15798090143952,176.91169994227414,175.40721635003774,170.6297861650381,0.028693293236575244,0.23037548005467137,0.06649335954757968,66.25773580061274,9
156.90995160092825,49.514538647155156,178.1376582847265,175.90729999646666,169.82568009943012,0.028042740838961112,0.24557088386357248,0.06846449593517985,65.12079250291474,9
152.87474071358668,54.570224797613534,178.33621496948606,175.31942397634285,169.10369137467907,0.021768561870269144,0.26345816085965007,0.07238217220245295,64.13377256545085,9
145.7101349361913,56.351893113363936,178.5384619985045,175.51325191284118,169.99298697116532,0.020112227036090616,0.285962704945998,0.07378406068042088,64.49463962025472,9
147.22365109998628,60.62639994424729,178.98516761711406,176.7329189318027,170.17141018376918,0.0198064578465837,0.2934430522580626,0.07192814738684002,64.04854025892413,9
148.33964148743004,60.85525502726712,178.25266275149784,174.69778938742402,168.97697083555133,0.02200932525417623,0.3004992260290234,0.07734303277919301,67.45948932994165,9
148.48334477231512,55.76220359504443,178.9561196681965,175.307253265904,169.77747784817777,0.01976987678856739,0.2895118961005403,0.0770377768412981,66.66436248134188,9
146.20075067492039,54.10316761583822,179.57322984366868,175.6775644067696,170.5869443275616,0.023182657300707184,0.25653810751387174,0.07186659012078303,66.77430996319615,9
149.95845132188444,52.13538491032411,178.9666775782238,174.42888148134483,169.14690621678847,0.02350222794669199,0.2229843169827453,0.06364809278728113,66.2190783262282,9
159.0348798923268,57.37002820211976,178.0598393191852,174.0064064414794,169.1280744548211,0.020038497796929254,0.19990313929370146,0.05885375960416386,68.30920637961702,9
154.51900079212731,50.58966866438251,179.87914257612746,176.26405676654258,169.43894863549204,0.020499543393364544,0.19667150890205906,0.05150750538554322,67.87413532676382,9
149.4554135594432,52.775794838455994,178.24453383713941,177.90023100778862,171.76527958250782,0.011723393081714314,0.21781987784711165,0.04650424641493204,67.39227639916518,9
152.15985601604524,58.50336152127148,178.2618277575699,176.7815795835709,171.65713545264825,0.021376838619407017,0.23138470449004372,0.05481508899270769,67.0430967266652,9
151.18211171402538,56.56938497745259,178.38335266601447,175.72145547636515,170.18638916181877,0.015666436360475645,0.23985214066984364,0.06155679944402472,67.73967657398008,9
149.9094974840435,52.86262672861675,179.01716188584183,176.92923360369483,170.8724365510728,0.016656631168217032,0.24790680368353032,0.06491555623128545,65.98852439116064,9
144.8894085242769,51.69827903671058,178.57234999844937,176.88771733932185,171.82711796678782,0.01888261687871691,0.2544187938681548,0.06993409873261562,65.10155435020799,9
147.58086153695697,49.6183642049687,178.32522854840767,175.79967361818706,171.52674374499782,0.022515115182706297,0.23081891806942065,0.06780231450813402,68.4713362898258,9
151.64979445949606,49.86038914720269,178.77354534593675,176.12636113299484,170.68316585333397,0.023145975365046416,0.21948096955722404,0.06401412095160801,66.65092920336228,9
163.46546944448733,47.77113748187114,21.35660787533164,16.336368803119313,4.170476669728359,0.1753231617968203,0.04859763663563106,0.05370741010340399,21.43472422313778,10
161.73193256018416,55.42480159627978,27.461066276486413,18.74892872947208,5.174490456021214,0.17032576955457748,0.0460010266779647,0.04742328737117835,19.868846856512125,10
163.56895289859247,55.26600008168754,27.520706795096466,20.026763623561934,7.5455931697294085,0.1655069292813578,0.043893905278989793,0.047777814683573123,19.4835862286519,10
163.64637226044195,55.77541754878625,31.573596229975323,22.141735037962366,7.223389449430865,0.1570694014071208,0.044147693658843905,0.044770275245095706,19.249433929763885,10
164.65688767225708,54.27492047094068,32.89909285593707,25.617131814388713,9.776262550559851,0.15683905476864718,0.043571074965775586,0.046665208068616876,18.950373836399443,10
163.16392789527234,55.73232926017923,29.66117337874383,21.548704297252705,9.264237553315757,0.1546080235644491,0.042200053053141395,0.0436126910797106,20.436849786191658,10
159.84298102609134,48.334902316816255,41.32471532640377,40.11789985854746,31.717020347642766,0.1476947852326754,0.04837244335878283,0.04640273086574007,29.80838301036157,10
159.01741207819654,60.171061949677934,52.95599868361969,51.734763326292324,49.99481468828994,0.1493439720926975,0.047811179845652044,0.045624749660568724,31.0850668248919,10
160.17288654472318,54.483679300820924,47.63489822758763,44.39824471246682,47.13713348156682,0.14515252926055539,0.04342171947295042,0.043705964964612244,28.420503217607937,10
160.8455959463845,58.0373612358364,51.867882559656486,43.93881080971789,45.91809861418902,0.1443191360879266,0.04184742983314759,0.04105239587702252,29.08451024466582,10
161.27237656925524,45.63461449109647,31.446432954239974,25.86343668257624,10.57362632747502,0.13652314797223805,0.0456135488942452,0.04276464100455192,23.836508451474817,10
176.29286921899757,75.42806587428034,54.73891736726526,38.56968171664261,15.018652567441439,0.14002091531076732,0.04110633997758709,0.0397386678062588,18.73351835444078,10
173.17926752355535,128.89859305523274,130.60891957333578,114.42330297691564,135.38941387844284,0.17491390972420967,0.03550133540369564,0.03667460425893276,21.044384537617397,10
175.01481766792972,126.23761600891585,127.20108418178329,104.02588966894297,135.53355874470714,0.18609443260290634,0.04059096793376383,0.04019804248802908,20.767582606270068,10
176.81165371379026,90.53162293542579,51.19214849894992,44.818719000227865,22.155377466303218,0.1738561368955,0.04089696492176702,0.05155495350466944,15.934218851497798,10
177.19501039486747,79.9226192749081,35.19746788658963,29.888965096942705,6.903040802742148,0.2108814478552235,0.0472241320204788,0.06080393754746701,17.174871667487917,10
177.1713535676298,78.72673945428895,35.795547092510596,31.234036047637193,34.87704664334798,0.23173075721548084,0.041388062295434104,0.06248423476334475,15.074914567346843,10
177.20536347303238,78.73153082331865,48.20331430987176,43.52798982527354,10.506890358985833,0.20554106110609305,0.05060628761896248,0.05895311654771181,16.830373633736443,10
177.5114607057204,77.24622902244236,47.34781445342047,38.44890498084081,9.385702487626492,0.1710143347658674,0.03772297935863078,0.04699255905177498,14.878682958594698,10
175.88613168146662,73.8089301132333,50.01666773285965,37.7270908025163,17.27119742540505,0.14127644414495485,0.03585265878307087,0.0377040149500983,14.88271263025838,10
176.9898826931137,76.71519481470253,54.570437025788294,46.65258936827195,17.209487811548897,0.14659728541751557,0.03724543753045326,0.04406031940329509,16.925392475022612,10
177.58810857061232,69.52631811271733,44.16664100188442,37.8095504789199,9.699853245912621,0.15564091016966683,0.03806239240780195,0.04544152938926,16.514995253995423,10
175.95012007405995,75.61995450991841,48.21013390804663,32.46629995362455,7.231698598666675,0.15797800703896087,0.03680850230719854,0.04147964342907739,12.973393678635471,10
177.42895860292649,77.97176193761769,50.08065827644212,36.88737987713082,6.044405690934964,0.15478751025088133,0.03666678301870455,0.04243758305577881,14.418515167562612,10
176.843629821496,79.40791685891848,50.433908520902655,39.19773768273938,11.95785935681947,0.1590086887219533,0.03820694174317672,0.045297038447048084,16.266099627890586,10
176.95108002744487,91.21522195920218,75.19135449695166,61.65878205999183,61.1542919556322,0.15197419993170214,0.036146313718697524,0.04286401578700698,15.13740139343306,10
177.4808531438241,89.66057540917284,70.87439025711667,66.43570618975355,55.85813578117319,0.16051813364306136,0.0384989061930242,0.048112343149784624,16.739319732954097,10
177.3652644649425,86.26472795067095,62.469027096199596,55.289062584813855,23.25658629847836,0.17986448787048817,0.045293143947779335,0.05110978314407693,19.218254207127586,10
177.3179052169101,79.19974267892364,51.426625830586765,43.91476953416284,17.60563444189406,0.17298394804008171,0.04003272027595625,0.0508277326763493,14.711669211266834,10
177.56051005785406,78.13672446233723,52.63286506101141,37.042078191970326,14.538036075935231,0.15570097443981754,0.038394802472429816,0.04314886351277523,13.31475247137395,10
166.85725074040786,44.437072984171586,39.28227937663338,20.865402562917826,28.328111236429166,0.13844363969319334,0.03138848749414917,0.039904285815391946,34.026017852274016,okay
168.1644418507643,41.51954965996975,35.96376727221942,18.27534327253386,31.480844157640153,0.1359312033665964,0.03437776708204639,0.035184531058961355,33.76274572947428,okay
169.0656502766852,38.99638367920892,35.494931865917,17.312581105034702,33.637437225155075,0.12921441379777168,0.035140249186179875,0.035432667388538744,33.241639623113834,okay
166.45177630477536,40.640961348092254,33.428687619607366,18.094325449995036,32.71808217205074,0.1314110672981268,0.033790814416453555,0.03546986182858473,34.179534701405565,okay
167.56180115743877,42.476962018461954,37.52209638573792,18.823551197837656,31.73420142282359,0.14793172522634107,0.037593565831729084,0.041137694190880585,34.874688848239586,okay
165.71126327581084,43.91922684050099,41.770501536697566,18.86479919478446,29.281929741707998,0.15788117706533938,0.03829975994144704,0.047979530530394575,34.052133973529806,okay
164.84381788631492,42.238567717443296,38.44452711876636,16.600984193666115,30.398979945191765,0.1631465235382687,0.04153030878724141,0.04896963576163515,33.94651397805672,okay
165.9738258113185,39.41615119841016,37.26507821027761,18.368424268097517,32.437838640605875,0.16836604482426856,0.046152613623465934,0.04945682980042949,34.98569654220698,okay
165.72251203784026,46.94828977313364,44.087307116957135,19.680468325338783,29.3123409288828,0.18191278334896702,0.0484747658946435,0.05660150063145244,34.82171413911758,okay
165.57656593643267,40.30940365263952,41.424490279052094,19.9831493675018,34.70444807106164,0.17885754463293976,0.04349500010086,0.058184845847850476,34.266355192454036,okay
165.59688832361914,40.40662281290341,39.210200356807356,20.784904317443846,36.637395959972075,0.17423021710030615,0.04029985787306776,0.050741059050285704,35.13130676431405,okay
166.2312817577359,43.06418175492445,41.21778615149308,19.499624034680767,33.22381159868506,0.15977370508764238,0.03741703274373991,0.04797212839711935,35.41361455824984,okay
167.95341275351586,47.41059948238312,44.280159717649155,20.897464154558897,30.438728670814445,0.14559131274923617,0.035924892550625864,0.04443087801765237,34.05035799734949,okay
169.53974668946458,35.966984145641554,31.596700578292502,19.52442040077581,41.668342891780114,0.12686778619474778,0.03445954109496414,0.03517238521341488,34.607612760193064,okay
167.4740544962641,37.79279131128685,32.61392886963178,19.408409438644323,37.97015226249199,0.11778716385263542,0.029060467851259514,0.03259686545071322,34.08425447659227,okay
167.28873984981547,38.79822980019891,31.94990549192403,18.608028113266723,38.76053128846365,0.11962955144293762,0.0338735127428692,0.03216663382608283,34.311231525051404,okay
163.65812026928677,41.03669191112793,35.811718207568504,22.93990531149086,39.70077785042033,0.11882383106817566,0.034185106323102836,0.034181194757012555,34.6080871232154,okay
165.4879641217273,40.609585631581886,36.2566783041512,23.03033661666085,39.49413281279798,0.1349149847380899,0.03447176404153454,0.03684633207098794,35.35816319503368,okay
164.70912008221273,42.83586583075205,42.555945136388,19.874182006091203,37.18481346761982,0.14928053894818247,0.0404641540485239,0.04800006159276025,33.58812910927309,okay
162.2270474990492,38.727533118969006,38.1126781568286,19.643641282660894,36.56282124875777,0.16176547982757106,0.04246622283411298,0.04886313413382737,34.31830359319304,okay
162.96446246414405,41.33600725910496,45.07127074111588,22.703058411563145,32.55411592275967,0.16338895309245127,0.04112714204988635,0.05153613581809621,36.23448656317745,okay
164.46268540698935,40.062528791320474,38.94083956132672,24.029837769732783,39.933545040171815,0.15869269357326293,0.039275402332795036,0.04600122018433311,35.913218269857396,okay
164.35674321598202,40.26824212237149,39.052984350425916,21.630250431610524,40.756740119301845,0.14414578649135573,0.037917171904070394,0.04301094024106922,35.255359873266286,okay
164.01466502766698,35.28537966472689,37.91791682342992,21.58964895822172,40.857508562170686,0.14383286560206685,0.036126206909700954,0.04420204667309162,34.8462594178556,okay
163.37693410388235,38.484306991750465,36.9160172246276,24.17701623958874,41.594152996778114,0.1451131377829377,0.03613104724375779,0.040746995745807035,35.68451046893884,okay
163.5807853204009,38.037854226076554,36.8939018572292,24.6330283358181,42.77222928155038,0.1445402836983323,0.0358637431176688,0.0411306803582664,35.636234733564244,okay
165.80509917125872,36.64469397015749,35.518795723790646,24.141911081866095,45.045815432718314,0.14112659275770895,0.03434459382327266,0.04109548095229386,34.401925247632356,okay
165.54093564406537,33.05477400061021,32.38447978909416,23.383980633278806,46.703150052256575,0.13870047505840452,0.03493050260577198,0.04010716660905018,34.09106017166319,okay
166.53529999810758,33.79888454008271,31.182132748904685,23.96328646415553,45.61509794205154,0.1380848185394024,0.0349206313125135,0.03864438423755372,34.23261571932223,okay
166.86946451329482,35.58549615091763,32.788062386848935,26.315838543718375,48.80296631920156,0.13886499439717756,0.03483347851525401,0.038522648298075626,34.13808446695113,okay
171.71462023082285,49.452877421584695,42.42227952604456,23.00210314774208,43.181064654270955,0.15286911087854937,0.03479417998050348,0.03569128135943595,44.11620673581191,no
171.80732007467094,50.20813746705705,41.83121236027343,20.97262282225265,40.67345511135351,0.15023630184154038,0.035895881575423304,0.03684497422646986,44.429338150086465,no
172.3224084163423,51.04133433105477,43.75750966289405,21.978039777449474,42.14526820124521,0.15368922719991407,0.03233167088605026,0.038008871430092725,44.480336788576864,no
170.85090895696712,51.134955554054336,44.17760886923582,22.799633825135796,42.431463424032,0.1522471936307779,0.03161489338809522,0.03759050395732934,43.15002655501399,no
171.48283499021318,51.67160887078248,44.682220426147815,23.271256640720154,42.115028162162574,0.14966467689464666,0.030868065284099605,0.037834595704992716,42.521405959626044,no
171.21616578391772,51.59800883293876,44.68449514458838,24.3802650814888,43.592105046921255,0.15279955167112372,0.03047428824892138,0.036792673004727175,41.41647046923553,no
169.60897300850297,51.635881243059494,46.03608461317419,26.340452580964183,44.05137533142965,0.15542493199665003,0.030791368555708364,0.03562133285520498,40.94872338071616,no
170.32614680153952,48.6525317512307,41.858759506647225,22.396017399105336,42.50243809453088,0.16527978390613768,0.03461640187156178,0.039188235792961414,40.448663186421875,no
171.28237902723924,49.81786041915958,40.364174498426635,21.192980180246703,40.283026452964535,0.1794668629284401,0.038015743323842645,0.04409843245753746,39.58227464258066,no
171.2589867252941,51.2704287606447,43.3518852318305,22.47145691448168,42.06673391568339,0.1932975052320937,0.03991598686923924,0.04938839400281232,41.605758829595864,no
171.54741392422864,49.177220576174385,41.47542321698172,21.253795190000897,39.6910545062607,0.1909412960427506,0.04515755037176,0.04976145795257686,41.68219922708607,no
171.62431470413063,49.13217850341129,41.95961586463541,22.87899377348885,45.20075156618594,0.1837888262788634,0.04258165924024836,0.04602512290513841,42.38443712235113,no
171.34630879179724,46.8167380978279,39.64060584149375,19.751413182766377,40.37593711247337,0.1682297683294361,0.03819052566222317,0.04102652545976375,40.60861687211095,no
172.0430640560324,49.54022117475038,43.78350189371524,21.994069816114482,38.645887221769684,0.15869127540362638,0.03489707363300416,0.04127159534426769,41.47272810664115,no
172.30574321819162,51.72330665566207,44.82578071575189,21.76039408142948,35.867271952077395,0.15302484322981275,0.03164719727974493,0.04130703579585209,40.86418810385221,no
171.16029512412484,52.41607638217248,44.66063047387672,22.96532645056359,33.05377433787098,0.1481094758520012,0.031113775242311868,0.03903446190261756,39.37225004651746,no
172.05842121504844,48.14403711607528,42.32080068861794,21.223998055174878,34.21531616306398,0.15025107883141334,0.030735612508900417,0.03866873722584875,40.503444242461526,no
173.06554697063436,48.371124547565834,41.956971953353154,21.755411671218454,38.150465215526474,0.1367376250762215,0.02854325393272283,0.03517184221611657,40.29629562106867,no
170.96119732529888,51.00542126896824,44.11264170714795,24.05649986674418,36.82292313004692,0.1284879562479841,0.027245114849422054,0.032407289835333045,41.80228765386778,no
169.65577365748487,49.184472881520115,42.34461498915553,22.93088233006504,40.62548302407412,0.13329323256380118,0.029255564371248113,0.03185016820573766,41.928008373634604,no
170.8527264109132,50.86206472103293,45.018574568178515,23.745128061177404,39.56928531182372,0.1622580208174407,0.03554298175470108,0.04079433400119592,45.85100872852132,no
168.3968191830949,49.170697924879356,41.60773125818539,25.56337371034541,44.695587550841495,0.1722321394382653,0.0437982073525157,0.04660033397205127,43.48043790406718,no
170.95071166337198,49.611320505698984,41.28403804477816,24.26220296040215,44.688728693089736,0.19696512144243825,0.04455434870450159,0.047642834794994246,41.672019944581656,no
170.05571474690265,49.78289577562539,38.88156017624946,21.936456487874587,41.42550224151852,0.20010787786476691,0.0445634336354614,0.04605676626913741,42.433684572846495,no
171.30616332698958,49.54483793024126,40.17497807511661,21.983503678515472,40.82676984610145,0.18264532364859573,0.042415915295998675,0.04446820154356518,42.0068244756035,no
170.17835130749484,46.79004484962464,39.141223501629064,19.800811698901935,37.46532589401077,0.159528846016518,0.03401606850096784,0.03996385377187949,40.45185245251221,no
170.9772934067213,47.46159965430377,39.318665825474255,18.683334130069607,33.3781257006366,0.1373313218153186,0.028717146921515675,0.03615014574536297,39.25355380814599,no
169.68692625381044,49.23246136051275,45.0201310539176,24.218224198147784,35.09677963199376,0.12868699429684055,0.026752025709408874,0.03165902838935756,39.40422629459692,no
170.77039965112783,50.75938435000535,41.651735421192676,22.80712259801573,38.242458037289005,0.18549912817700545,0.038089383986376485,0.046524662947579704,41.00733333473459,no
171.61576837431673,47.19523654656041,39.6680937025919,20.76179377615215,36.45522561819746,0.1696286857627751,0.03858250781470862,0.04367884588638487,42.36077229101843,no
159.14661092280005,171.54310233783548,174.0915174983108,178.54220777983647,177.0855914543815,0.1962229103542397,0.030132770265682236,0.02378373802275446,65.10034513259535,stop
165.64375738686354,170.94749743777393,172.86781229812632,177.52605557099477,176.82045725492773,0.1871276487878452,0.03135723687644629,0.024213170428442895,60.833161591407666,stop
161.2754127559962,172.78544799570446,174.58205726118155,178.91268890705769,176.08204475883144,0.18587001115603502,0.03047830639225305,0.022339855656895242,57.99201860648203,stop
162.6200283798676,172.42579328129764,174.26204202168645,178.83854530936208,175.82346060438778,0.19059791860157269,0.031639608769611714,0.024453228718416407,59.00781893439401,stop
163.29121610627237,170.93609730328663,173.14505874210576,177.5747007475302,177.36475490927134,0.21272631488606517,0.03417269723315188,0.02475619582161924,61.60797270118804,stop
162.29284414480213,169.1966301688509,171.57251735657587,176.09232720477576,178.77022694760535,0.21090813221852814,0.0420538274946631,0.024345342014003298,63.7532541973234,stop
165.39172983734693,170.98841844211336,173.527872222293,177.6434884743104,176.59388708159443,0.23232906821441598,0.04379154003784957,0.02579352858680848,61.25602654271833,stop
164.48666463434316,170.81469168337668,172.95308005306146,177.1308316222774,177.09362733804767,0.22938868794402284,0.045608655729177806,0.02582546361634458,60.409201752016436,stop
165.6256354400441,171.18032320107793,173.12986009370408,177.50199335679054,177.0408294571897,0.22272824894170995,0.04283404038123244,0.024747461735794677,61.4182807885499,stop
161.87449693868876,170.92068518299592,173.46635761050962,178.70783380535363,175.9456501470903,0.21354393043002337,0.03665613766238213,0.022384720261659122,61.97458225336911,stop
168.6467634001526,171.79039282428167,174.7282461651527,178.47336523694074,175.24593591406887,0.19278222700988,0.03210784854588781,0.023993731522025073,59.69074278666679,stop
165.7949219592875,172.59691821986843,174.71661047086582,178.1347748417224,175.67387825055656,0.1713656574145892,0.029850157873590116,0.022093320531060105,59.51136304863459,stop
167.15515360081127,171.869433250135,173.9386436475831,177.9571724863816,176.46230863199702,0.17365457286022004,0.030626304162042112,0.022826229560365008,59.95053248738598,stop
167.98442817396938,172.09537292627004,174.18059195708128,178.3513878821941,176.39431687994139,0.17099364048686627,0.030692114589577327,0.02136488846689435,56.88917338031016,stop
166.85224449848894,170.83270133243371,173.0750582404571,177.52635356774044,177.2131499111973,0.17642306495562018,0.030052829293129607,0.02347523168158458,56.84978249854856,stop
166.17749350876525,172.3446933084915,174.17304812457968,177.12608503839064,175.89415332350035,0.1885233645523128,0.035305957972692155,0.024819215675737683,58.233880640323356,stop
166.84387907495224,171.7725357732736,172.7614959709215,176.37073615547325,177.4417060821284,0.183687776283847,0.03748813828117606,0.029061153966250777,57.04687919374559,stop
165.54553613657023,171.70240321922572,173.53739051281872,176.95707502922798,178.33455886845556,0.18141085658982747,0.03517040119805104,0.028754246640334515,57.92471569235138,stop
168.1613259117471,172.9815193443097,174.72162044992686,178.76101420865413,176.31549635463085,0.1677017444958386,0.03204604140296813,0.023968749645234447,61.02451951436746,stop
168.9798886231568,170.8207381805471,173.2339930829501,177.06803723808227,178.8507436869159,0.1365681625438049,0.028669779833751238,0.020085841786715856,60.978379718482046,stop
166.104967525276,172.68209088617613,174.49706712125447,178.10329624240867,177.45990329452934,0.13456379002042326,0.025701899736583506,0.019753754651797465,60.84612000624004,stop
173.2651964335819,172.0719702129233,174.32302769282384,178.44065252832377,176.7744752703738,0.12915526871338898,0.029259682685148777,0.02302159051374172,58.79496608723038,stop
174.29802841185264,172.2571351332476,174.55550922531987,178.49598090164443,176.46195998079114,0.1280152247354393,0.029833940035605203,0.02401084587988426,58.93009601706817,stop
174.89769050746122,172.9432472114563,174.8818677149266,178.41555236279768,175.99407145809087,0.1341370996795397,0.030149151247057575,0.025465021841731685,56.982952364225675,stop
174.01485786052194,172.27903361302435,174.4546717023403,178.0462234963852,176.88271274360622,0.1324185746538233,0.030683810769271493,0.024463586207487415,57.40649905943933,stop
175.93690637458002,172.53038937294573,174.84216018858737,178.19230556864852,176.51995468663313,0.13071570184225,0.028861592235477126,0.02276382316207403,55.401496069622226,stop
176.7434315182699,171.98094496272128,173.8159201869505,177.758298167171,176.5552474326984,0.1414771201447452,0.03097967851559698,0.02291049135819165,55.530357340570355,stop
177.19783612628717,171.94701232820597,174.16064678982542,177.43630972576543,176.97014682906791,0.15207813265583647,0.033622207543877895,0.028671086011837838,50.63701542451458,stop
179.61678226491904,171.5418948811819,173.9979873528182,177.511967008878,176.89475701933995,0.13010480935066687,0.02896932991048676,0.026276190411217884,50.984655342723684,stop
176.24741035465004,170.46303244114517,172.59310436178973,176.32193349727612,178.42805186141925,0.1107016140817657,0.02625728041684789,0.020812257211102435,56.326286608480224,stop
171.1862208506637,150.286951383895,146.14081350806302,140.3611151832889,155.0453842849561,0.036828907593365275,0.024924953884437693,0.012343794393389703,83.32478301604365,less
173.010711929199,148.35731622069045,144.48996071257898,139.95065535415256,155.347834302532,0.029892125740373445,0.01721809699714586,0.013228764325885375,78.26770474442657,less
172.85322365778796,148.44970719169982,145.20900864049648,141.06771638887645,155.31957423546953,0.026306448262298967,0.014823801134165975,0.012357865390365192,78.6874615009443,less
170.68897965136816,147.98464907837675,143.86418759987467,138.74957409507363,154.22823037200334,0.026971294712885327,0.01433398747674108,0.012186342001106526,82.66915520479341,less
171.95789800423626,146.03089122067075,142.53093100022235,138.27480817004096,154.55530332559925,0.024939161791068382,0.015082735515905563,0.012393200803912935,81.83651815738719,less
173.03611952368803,148.05889512073247,143.98502908091572,138.22820985312242,156.12713546097382,0.027144243470308704,0.015816777350441378,0.011504531968451776,85.00254526593555,less
173.29404365962446,147.52405651576808,143.54159273056985,138.8744864079289,155.99510781498836,0.02785964465013935,0.015895746551929497,0.01233386680285646,82.8618055346759,less
172.37495742000718,147.73234376767144,143.23616923968197,139.51953202234844,156.60740853059485,0.028542233237015685,0.015225190876136038,0.01326711140828349,81.69096789258585,less
172.6375107833239,151.41566728877572,145.9085808763681,140.82196746877617,159.6427510564325,0.02454868927288328,0.010560797029305315,0.011629241968829047,81.02458151035258,less
170.7361228417751,152.46619514357377,147.41541418342067,144.85478466629456,161.7641036624253,0.025324359971758185,0.01154716001824699,0.013598330614865192,83.2778078630331,less
171.4318345475524,149.11392396922844,143.41615509893265,143.76771444679898,161.9394910906585,0.02918156800829342,0.01392646396177609,0.01588773076446,79.1812923025566,less
171.34938953683775,149.32341836469294,142.72297968734514,142.9287063345187,159.49937994348645,0.02840293960337778,0.012895896449064834,0.017509981464250916,79.8418295656932,less
171.76265942924078,148.968232797021,143.1853518756941,143.59984209307473,160.7901226452827,0.030242336454730383,0.01152829211875204,0.0188600039107127,80.49562169941245,less
171.8380340728682,153.1952287385353,145.02220056191584,140.262814308487,158.619184788619,0.021275709186156448,0.010478860830869244,0.008142328276869684,86.71364793992446,less
173.2371465689242,154.37412818566668,145.95453906840297,142.67335215450927,158.8775960232098,0.023433237307073678,0.010559591555702331,0.009293412599967597,83.34193088203317,less
175.60075436507142,152.43353160531464,146.28935658776726,146.3339366235863,161.19193540472912,0.030084814292799474,0.018646261634986006,0.00976475376849326,80.70356873645375,less
174.3821528517281,151.81656195989817,145.97670406619872,146.00221421011491,160.32519398055067,0.027245355527867495,0.018431473502467943,0.013708108715513308,78.68788454009409,less
173.56778872306717,152.48024215925972,147.39788581977052,145.66064037863748,160.4667793569271,0.027423811304053722,0.016393759220804653,0.012788890095157266,81.64722811448149,less
174.89158964702784,153.65005004735139,146.4578477300158,143.1985583055638,158.941260929693,0.02415592564656538,0.013716698126804348,0.0101073680630511,85.09725031459551,less
173.84507014224457,155.77582264163956,147.99479998260102,145.94651297105455,158.84260375171735,0.02272210922238849,0.01707443842761005,0.013921026236235283,86.2632488887579,less
172.09007675319955,156.19050364986023,147.19758145507407,143.67009081392436,156.40375833309196,0.019004199672932154,0.016207396393928195,0.011334409312582637,91.53442744311074,less
172.91765557677945,153.02328144597476,146.40578129806318,140.95646061976962,156.77818493993135,0.028026180245543823,0.020490425792243014,0.012108051572424398,95.31808485768656,less
175.01390146423492,155.79620935593707,145.958552757392,142.37224681446497,157.62556212888975,0.019930644595172,0.029456453964139664,0.02663161653503453,69.4104046609811,less
175.46750296887765,154.99162586181302,146.53484117634295,146.45062158312444,157.8523250794928,0.029559900146828005,0.03757365130467048,0.034127602958471386,63.663093785386685,less
176.9230911886145,152.40086284921873,144.091116379844,145.94524286866303,157.18488290186752,0.039028179329273605,0.037837402020881906,0.030805382948893897,66.05197374348533,less
175.19133431480662,148.93978073861743,141.2500585331286,141.73449219014918,155.38573122866535,0.03250680470162832,0.03996730212415149,0.02620712709733206,60.22888627918471,less
176.91563650679035,149.28240767859361,140.64600939803682,142.32896089277287,154.8665069601382,0.03807803312264842,0.035674652415099206,0.02528785053704967,63.19871886834638,less
177.03582617233712,149.71528644997144,143.49442331239752,147.1164507062696,158.4307092453276,0.029898539106560623,0.032649306723980163,0.024260239388309835,62.452910521578715,less
174.85285302942214,148.0079849138354,139.7379779978088,141.37499136087254,154.02433355882073,0.038203822911189456,0.044420281526920805,0.02591866328858429,58.83249897874354,less
176.28561377329416,151.79742111280933,141.24657222805004,146.3253597014614,157.6086203195319,0.041351737102926445,0.03314986733187742,0.028362128327859056,59.88749025614195,less
158.46928632098158,176.35076249985121,74.26779652673714,67.06699415119357,56.14198171558293,0.09744526013444899,0.11982947203368349,0.015162153819339082,37.12714917226351,go
168.26901261781978,179.62443266610657,77.446497848669,65.68429072100639,55.13704910856908,0.09240144642844011,0.12129439024157757,0.016000302386487697,38.652624019742184,go
168.61432565996853,178.59300823319845,73.93460988588167,63.93478970117739,54.210733429908935,0.0969451315020946,0.11992134713952322,0.016501007792398836,38.711121636883995,go
167.74038320940144,177.5211277397954,68.38833478136546,62.93858873741754,48.17339247755047,0.099343292445428,0.12103195146184764,0.0205380863197292,37.752635226214636,go
167.03446112774725,178.22054242810086,68.84732045446431,60.83591133420954,45.641942507561645,0.10073504092087919,0.12170885218223565,0.019347513361193686,38.80433133978071,go
165.75424593056863,178.37865908371552,71.95141384371911,62.63632728659731,47.245416071051665,0.10183242037275182,0.12682781725478684,0.018089483966310372,38.52693375247635,go
164.47588856492743,177.2983284403063,74.63884542366975,66.38168386451302,51.35173033400393,0.10487051105670887,0.12959837798362855,0.016210837736663097,38.80500058583799,go
165.77240467875845,176.89959383499624,74.14378700190564,65.67701220283206,51.63411020111362,0.10770009140139292,0.13107298063482606,0.017264367537057197,37.531884466029034,go
166.06028453537533,177.94192615316828,72.1069744982849,63.98884217001908,48.25548077448634,0.10800303501188228,0.13164447166739804,0.01863817045089754,37.7355854473649,go
165.22314113446797,176.6021655431935,71.54203732116143,65.25087297910933,50.679314251936,0.11229042455571553,0.13661885008353278,0.020010326845033042,37.236936724783504,go
167.8225644024385,175.33844667980148,76.82411594867611,67.84833993074365,53.383980187907895,0.11400305046262478,0.14033441364601346,0.02086985943931966,38.82281792591335,go
170.1316938233387,176.78306557285634,77.10815827654477,66.36717780498087,49.51872062507928,0.11346537108144517,0.13903582279117782,0.020785966804476683,38.10844625779462,go
170.81043194834362,178.46263700733226,77.64992721562108,66.48101894535428,51.77126819062678,0.11508209493322727,0.13974537841999013,0.02014051758920284,36.73840844622696,go
165.4885123458152,175.74393736726714,81.93408314185551,70.84073323491619,56.52124182197664,0.10807436041365226,0.13355295310875553,0.016758180748751232,38.245021981719056,go
164.71656468914588,177.7433515241385,80.73776988948003,71.37926852135195,60.04543833997409,0.10374404815792101,0.13065189071462993,0.015323997547930396,38.699098968550494,go
164.37716083732568,174.3834847652178,82.06187071619416,71.78931402711557,58.74479208714636,0.09828135395935532,0.12533299939841422,0.014350807947054275,37.18894053694131,go
160.39577162864413,175.8612134838498,74.08587181759849,67.08470946121352,57.42328553654645,0.09369557116779981,0.11908925915329523,0.01473718880203336,37.2604626441269,go
164.70038664809275,175.26610683324006,74.6757395903106,64.26598487002921,51.17304504290705,0.0894649070648695,0.11511581603533724,0.013579412889809002,34.71532363259458,go
171.26640357493287,173.3745339903883,69.07350111972848,58.30987104727996,47.21146522095602,0.08256780940517996,0.10843048520295094,0.013990480377115625,32.886063100479234,go
172.27198594075654,171.62114543079787,70.96173958851668,58.215253521824906,42.649688952225226,0.08009388840376892,0.10925811007011006,0.01509682635270712,34.51616416168196,go
167.23004609868687,174.03969782998502,74.21638447342,63.25972510476257,54.542358563513964,0.08705698211106119,0.11669445400274531,0.01276929373035052,35.935105581747,go
166.86933097798683,175.6882370888999,65.06172298484017,71.651424783077,61.45778713494138,0.09788127901069174,0.1024913341709514,0.02779145581361105,38.5438784341257,go
167.47082969418517,176.37563000410117,68.45658261640632,62.51475080959926,53.371374681111995,0.10004238411402251,0.11732385939354066,0.023011420306900416,39.81183799151133,go
166.0069504210473,174.3219804904478,74.40605341634014,68.86512087939239,56.34968433278372,0.11068296215660388,0.13106949078651806,0.02329744748030005,38.714779433082875,go
169.83162565255742,174.6732062581642,77.64393621031795,69.65466214179462,59.03918266224708,0.11015044795095026,0.13310722335730482,0.02077449751209209,38.01697974553036,go
164.345004733889,175.6033720839839,77.59922485224955,70.68141046616871,60.534225425459915,0.09480486117850147,0.11527997801006155,0.016529645276337636,37.35596157755006,go
166.32297768317073,175.29996960931015,76.07590627865508,66.94048908265422,53.61938206219202,0.10561972364113424,0.12529333073514756,0.017648372130873915,38.40405675102266,go
171.69163672018348,177.4634320041754,70.12085579923013,70.52233783780324,60.0675601857091,0.11751610596520555,0.13140913455415792,0.02008260294603629,38.026728144779824,go
169.33153930425624,172.651106648333,81.65479378731438,71.19774698091832,70.37459296965625,0.10073077857896241,0.1243261215194021,0.01600261364615746,37.51283920454851,go
171.09036441742145,169.43421417391298,84.23154603409029,71.7645763936654,64.2542842153166,0.09568065607389785,0.1228422977382411,0.013606425348914718,33.67770743466464,go
171.92182209965054,176.4707102368722,22.751677769010225,14.597580891644206,24.03937769905141,0.11211435866693095,0.21301374598782508,0.0284662237668104,40.2099283282313,down
169.34826033559818,175.2889213833379,22.836393055622548,16.42987143145968,24.88830902919641,0.11158575456309595,0.2115357736339069,0.02712386618553172,39.74552676545982,down
162.8214944796914,176.69539890489148,26.88366584602456,16.857354568974,26.022673213844993,0.1211675429743425,0.20849694928124118,0.030546067426339047,39.20250996937549,down
168.70522252576117,176.6999483492541,27.605649360145886,17.751951925123745,26.54052746711816,0.12780626224866792,0.21922662817573965,0.02931319636899203,39.07519041636363,down
165.0031624372563,176.621545677774,25.017052957225193,16.214646152649813,24.87820071788995,0.1263004559763199,0.2171078513873184,0.027231705933344785,38.30276111720942,down
167.2286231189908,175.1127095990146,23.591322314703262,14.00549293990963,24.77587276354832,0.1251277022626909,0.21320806261311173,0.02988672848451806,37.966804576881515,down
165.5194892494562,175.95782389920495,24.429614487266868,15.561957926854532,26.79771589592529,0.12428416334739624,0.21264949760401894,0.030977114454864074,37.75243307214103,down
162.4254102481571,176.7239803650307,25.497472731227678,13.35383800568538,24.39297708368525,0.12763092103477555,0.21916807439662742,0.028068681540806495,38.04333455264032,down
159.57075066243954,176.0493195753728,24.18993442926078,13.659866725930344,25.193876927490326,0.12938997122726958,0.21851781502601303,0.028589653886619902,37.48154196745722,down
163.78430493853256,176.32953682917324,26.488370198621,16.233666520824812,26.366063876218483,0.12779582679885543,0.21286933536727767,0.031068385323232472,37.07984830070824,down
164.24516665527955,175.91687837820922,26.3705034659471,20.36210035867898,29.66491602075624,0.11825719938439658,0.2064411014545504,0.027389236012373867,39.2906230489411,down
164.93408659524184,176.2182373966765,23.59607819481663,15.948879243142049,25.029513729675287,0.11815361795704277,0.21244774259649596,0.026563768629961064,38.294075970167164,down
163.79852487433632,175.68236165057658,27.199621453906357,18.116260165955417,28.245873571222393,0.1265321575419912,0.21459245424463222,0.030736484490287957,38.281441495974455,down
164.4129626308205,176.90342746656162,27.594910280298315,16.406308181610513,26.831222931290615,0.12717947528401935,0.21772882553278677,0.03103741185559273,37.434399685572295,down
165.74346243477052,176.61444751213116,27.64868574965502,17.29305581539122,27.434126587829862,0.12423810808074076,0.2120840715037492,0.031325281167282705,38.449280736712744,down
169.4713238668605,175.52951654517253,23.40208988816265,15.248353450286674,24.314697330069468,0.12275146772704566,0.21791378330729444,0.02941086633113489,40.328945346247494,down
171.6073855575933,176.6906387712395,25.361198267980992,16.683746191121227,25.12535562694579,0.1205096219374964,0.21554631299780833,0.02907673148203871,40.087825570662595,down
168.46892602882247,176.91352877753604,28.93222778907511,18.320859727728255,27.67788477248932,0.1274572233675097,0.21300207222560302,0.031252566513078874,37.93404489126254,down
168.56734721334507,176.8439345667119,28.028620543902317,16.32406993006252,27.714835091150615,0.12242696136062763,0.21291572257925948,0.03128738366703281,38.594222169633206,down
166.5826036695626,177.45847450275593,27.081494426147852,16.07202971159634,24.721395874223965,0.12396035894319779,0.2155869356798132,0.02954636804088107,39.32026092884087,down
166.49503023839083,176.74713478784136,27.455253744451923,17.04695176706113,26.48888079727732,0.12533318223881798,0.2133902229048595,0.03135806079709416,37.902065816250335,down
161.84884618000962,177.53864411693075,30.32878799046918,19.14569275087067,27.466973108643575,0.1306731174152112,0.21338792513363802,0.03134097915641318,36.87323062429217,down
162.62986766229275,177.44041075258738,29.513566800693425,19.084102676568765,27.597236601481573,0.1290567976926232,0.21255838473338592,0.0302183118966599,36.934387564777396,down
165.19699299831078,177.44178889510405,30.4236206059269,18.610933350727255,28.384142884782708,0.12697084290210298,0.21470033784373538,0.031247201942795115,36.914373759730076,down
163.46254046023154,176.93861171440292,28.581308096769998,17.953417260021943,27.988404931442904,0.12382249028512325,0.2095447694137925,0.031091878036027767,36.3732918300973,down
168.8133498728834,177.08208648120575,28.1350164605313,18.563186780700406,27.483400138458702,0.11887513894973878,0.20699853507535135,0.03150469082863478,36.815589806797384,down
166.50810887002785,176.23296655470799,23.41200833664726,15.00536376683845,24.94651224574831,0.11953765693610059,0.2109081058277099,0.029776210781253216,37.33808680172903,down
167.2807603599633,176.03986204603746,25.215419454709053,16.788765292388092,26.794414390980698,0.11972619697491521,0.2109996593896671,0.02996353645928878,37.20511675406543,down
168.23433082191153,175.67824749542177,24.168780548358335,16.55341576339068,26.069940633703176,0.12016127664874278,0.21691005228347482,0.028300767561116113,37.266764488935245,down
155.42313149099255,176.34798923350044,24.450979363186086,16.353063623056254,25.93580477745763,0.1227817734224472,0.21246898901033115,0.030011786358123387,36.07114540968042,down
156.2532200493579,159.5236188874766,71.50130862561186,80.38955277045149,114.84304330634386,0.08514697865093296,0.1670582391106635,0.04717374097054882,39.748945276270156,back
158.08515098898022,157.16781126094867,71.18221008309824,80.70584930122835,115.68839270664915,0.08450531930537945,0.16664366273222697,0.04720782743038376,39.75579981207686,back
152.61703820041367,158.72193285052683,72.05743714540878,80.77355746044877,115.18026176343983,0.08630431800021753,0.1673697925732666,0.046475275168773096,39.93635940731909,back
156.43596819462044,159.2059591748705,69.10943945599895,79.92522884207844,115.95213804923941,0.08681274717735882,0.16525698017900975,0.04743806520745193,40.168227588916714,back
153.6447816326449,158.2441103684284,70.41526858765468,81.24612464673918,112.92408692953421,0.08647759734685213,0.1649000775560051,0.04740089311305834,39.470109356823286,back
156.54995069405075,159.19779644452828,66.646283092809,76.56252720244213,110.92951404193442,0.08637778505535018,0.16430740402949015,0.048170153987925984,38.420012359342984,back
156.66232504529134,159.6567914715221,67.28564444514514,76.16806175284617,109.97327368820277,0.08740982542646572,0.1648184288518339,0.048191980645362086,38.71462631470729,back
154.03486092388133,159.2801441731043,68.2978800567361,77.62503103109255,112.9541055799444,0.08814965356173673,0.16436116356838626,0.04730345007356049,38.75253333718083,back
153.57936929031283,161.4036408509623,71.2360551756527,78.3334113911123,112.85533226958067,0.08664339420963778,0.16370882197935613,0.04626218939231531,39.87614506192026,back
148.9462426765679,159.66389581784645,71.36784517345727,79.24472445919352,113.22234693259921,0.08990213387927709,0.16384646470877356,0.048459369371737414,39.253204469850075,back
155.36590493028058,160.61623712347898,69.49806036225995,78.24073390943197,112.76466115079262,0.09134470844621713,0.16692339577083193,0.048583080904646934,38.46868813103838,back
155.42706569344014,161.8662791718154,70.89305030128797,79.23275551213585,111.42675134871835,0.08926811077079758,0.16865308535929754,0.04834373330825869,37.686623132341914,back
156.33863234008274,161.38302265846247,68.3025311454418,78.02152414709423,112.66716441720581,0.0890061019214435,0.16683739042175708,0.04951390977108005,38.49889398290462,back
154.2660523407953,160.382894886424,68.25336659455567,79.65114633614945,112.6679082287751,0.08865607628356391,0.16336456672579516,0.04982326420858306,37.85843594498287,back
156.82099021803165,160.73312390503648,68.76350600846094,77.85921483109945,112.73174985933873,0.0882913812849366,0.16636219225934848,0.049102857617348554,37.20552061421514,back
157.0278307136853,163.43923825535657,65.02304162717508,74.27457735079439,108.5302067773029,0.08795504276918921,0.16720255306253298,0.04911564734946097,37.66355024193651,back
156.60262484072456,160.92931609881506,69.3902619912919,79.15173037364363,114.04345198660813,0.089480919416216,0.16760151247282615,0.048695193713941896,38.79216381630668,back
154.46573809173896,160.459274002261,69.97530898305678,78.18065033684513,110.75340533151392,0.0918810268860574,0.1694206799825681,0.05042609571089628,38.977385477302946,back
153.4000643749571,160.43508085273754,69.46858610978138,77.78570566107318,111.90668556165937,0.09015758412762544,0.1681795764375645,0.04968594125022424,38.73931788736409,back
154.77270146928558,159.89314492447812,70.90872429853789,79.81581528761683,114.99317665676152,0.08982269166212815,0.17042959299507285,0.049548361892769725,39.33834060324328,back
155.42214917553085,159.03674435417716,72.92190797951014,81.7180785181532,118.78804723140188,0.08976335811596398,0.16809524342477394,0.048341252457745544,39.20542708981678,back
153.9168097409328,160.6180064304266,70.69140261916054,79.89746903153502,115.22853352192506,0.08977462646227208,0.16751640171060306,0.04878294861449588,38.890860087759656,back
156.1553810778542,162.19671504309795,69.46785073303073,79.2051681495663,114.44151558242018,0.088970260628177,0.16859217746352734,0.04875286571083664,38.94473788214347,back
153.00617276002714,162.0854934802005,67.82843699279113,74.87545050371085,113.11296689707237,0.08871386919071664,0.16735139460809606,0.04905893581683758,39.5173817816497,back
153.3674591208683,160.9035755049405,68.55096922488133,77.0534407821187,113.00656130984622,0.08918404361531033,0.16877015147297966,0.048260225654433955,39.381199757401596,back
153.9361008830974,159.1652594223254,69.62262882639699,79.58376737184417,114.25592992786464,0.0901682701754409,0.16746503028500417,0.04888558247518142,39.05477043809245,back
155.66068794049139,158.81074523307745,69.07777833041142,78.90393465932323,116.81509448397536,0.0878038262816152,0.1683529699686363,0.04665023287328355,39.12857920583779,back
151.76002544017965,159.60571519746074,69.28926603807759,79.84801169599255,117.19060028934373,0.08879072720900487,0.16577735215787884,0.04727121874011719,38.87525693164926,back
156.44800111155507,160.03719512365032,68.86554912888383,78.69320939244804,114.9959692592913,0.09081200899518276,0.16732054462354737,0.04939676569400836,38.8706677825661,back
156.62867049515722,163.00880217209135,69.37912918125969,79.07989241046207,112.45391160959994,0.08975575325858316,0.1667680213646603,0.04920060168623857,38.92503324602428,back
